[
    {
        "test_score_gib": 1.0,
        "train_score": 1.0,
        "test_score": 1.0,
        "num_samples": 1418,
        "fit_time": 110,
        "score_time": 79,
        "time": 189,
        "parameters": {
            "booster": "gbtree",
            "colsample_bylevel": 1.0,
            "colsample_bytree": 1.0,
            "gamma": 0.0,
            "learning_rate": 0.2,
            "max_delta_step": 0.0,
            "max_depth": 3,
            "min_child_weight": 1.0,
            "reg_alpha": 0.0,
            "reg_lambda": 1.0,
            "subsample": 1.0
        },
        "done_at": 1769105707493,
        "split_id": 0,
        "best_iteration": 0
    },
    {
        "test_score_gib": 1.0,
        "train_score": 1.0,
        "test_score": 1.0,
        "num_samples": 1417,
        "fit_time": 92,
        "score_time": 92,
        "time": 184,
        "parameters": {
            "booster": "gbtree",
            "colsample_bylevel": 1.0,
            "colsample_bytree": 1.0,
            "gamma": 0.0,
            "learning_rate": 0.2,
            "max_delta_step": 0.0,
            "max_depth": 3,
            "min_child_weight": 1.0,
            "reg_alpha": 0.0,
            "reg_lambda": 1.0,
            "subsample": 1.0
        },
        "done_at": 1769105707492,
        "split_id": 1,
        "best_iteration": 0
    },
    {
        "test_score_gib": 1.0,
        "train_score": 1.0,
        "test_score": 1.0,
        "num_samples": 1417,
        "fit_time": 84,
        "score_time": 92,
        "time": 176,
        "parameters": {
            "booster": "gbtree",
            "colsample_bylevel": 1.0,
            "colsample_bytree": 1.0,
            "gamma": 0.0,
            "learning_rate": 0.2,
            "max_delta_step": 0.0,
            "max_depth": 3,
            "min_child_weight": 1.0,
            "reg_alpha": 0.0,
            "reg_lambda": 1.0,
            "subsample": 1.0
        },
        "done_at": 1769105707482,
        "split_id": 2,
        "best_iteration": 0
    },
    {
        "test_score_gib": 1.0,
        "train_score": 1.0,
        "test_score": 1.0,
        "num_samples": 1417,
        "fit_time": 87,
        "score_time": 71,
        "time": 158,
        "parameters": {
            "booster": "gbtree",
            "colsample_bylevel": 1.0,
            "colsample_bytree": 1.0,
            "gamma": 0.0,
            "learning_rate": 0.2,
            "max_delta_step": 0.0,
            "max_depth": 3,
            "min_child_weight": 1.0,
            "reg_alpha": 0.0,
            "reg_lambda": 1.0,
            "subsample": 1.0
        },
        "done_at": 1769105707475,
        "split_id": 3,
        "best_iteration": 0
    },
    {
        "test_score_gib": 1.0,
        "train_score": 1.0,
        "test_score": 1.0,
        "num_samples": 1417,
        "fit_time": 99,
        "score_time": 22,
        "time": 121,
        "parameters": {
            "booster": "gbtree",
            "colsample_bylevel": 1.0,
            "colsample_bytree": 1.0,
            "gamma": 0.0,
            "learning_rate": 0.2,
            "max_delta_step": 0.0,
            "max_depth": 3,
            "min_child_weight": 1.0,
            "reg_alpha": 0.0,
            "reg_lambda": 1.0,
            "subsample": 1.0
        },
        "done_at": 1769105707606,
        "split_id": 4,
        "best_iteration": 0
    }
]