{
    "modelInputNRows": 7086,
    "modelInputNCols": 147,
    "modelInputIsSparse": true,
    "modelInputMemory": 793636,
    "usedGridSearch": true,
    "gridSize": 1,
    "gridBestScore": 1.0,
    "gridCells": [
        {
            "params": {
                "booster": "gbtree",
                "colsample_bylevel": 1.0,
                "colsample_bytree": 1.0,
                "gamma": 0.0,
                "learning_rate": 0.2,
                "max_delta_step": 0.0,
                "max_depth": 3,
                "min_child_weight": 1.0,
                "reg_alpha": 0.0,
                "reg_lambda": 1.0,
                "subsample": 1.0,
                "n_estimators": 1
            },
            "score": 1.0,
            "scoreStd": 0.0,
            "fitTime": 0.09440000000000001,
            "fitTimeStd": 0.009308061022576078,
            "scoreTime": 0.0712,
            "scoreTimeStd": 0.02587199257884866
        }
    ],
    "rawImportance": {
        "variables": [
            "dummy:country_code:N/A"
        ],
        "importances": [
            1.0
        ]
    },
    "probaAware": true
}