{
    "metrics": {},
    "processed_feature_names": [
        "Source_IP_int",
        "Destination_IP_int",
        "Payload_Size",
        "dummy:Status:Success",
        "dummy:Status:Failure",
        "dummy:Status:N/A",
        "dummy:Status:__Others__",
        "dummy:Request_Type:SMTP",
        "dummy:Request_Type:HTTP",
        "dummy:Request_Type:Telnet",
        "dummy:Request_Type:FTP",
        "dummy:Request_Type:DNS",
        "dummy:Request_Type:SSH",
        "dummy:Request_Type:HTTPS",
        "dummy:Request_Type:N/A",
        "dummy:Request_Type:__Others__",
        "dummy:country_code_1:US",
        "dummy:country_code_1:CN",
        "dummy:country_code_1:JP",
        "dummy:country_code_1:DE",
        "dummy:country_code_1:KR",
        "dummy:country_code_1:GB",
        "dummy:country_code_1:BR",
        "dummy:country_code_1:CA",
        "dummy:country_code_1:FR",
        "dummy:country_code_1:AU",
        "dummy:country_code_1:IT",
        "dummy:country_code_1:NL",
        "dummy:country_code_1:IN",
        "dummy:country_code_1:RU",
        "dummy:country_code_1:TW",
        "dummy:country_code_1:ZA",
        "dummy:country_code_1:MX",
        "dummy:country_code_1:SE",
        "dummy:country_code_1:EG",
        "dummy:country_code_1:ES",
        "dummy:country_code_1:HK",
        "dummy:country_code_1:CH",
        "dummy:country_code_1:SG",
        "dummy:country_code_1:CO",
        "dummy:country_code_1:PL",
        "dummy:country_code_1:AR",
        "dummy:country_code_1:TR",
        "dummy:country_code_1:ID",
        "dummy:country_code_1:VN",
        "dummy:country_code_1:FI",
        "dummy:country_code_1:BE",
        "dummy:country_code_1:NO",
        "dummy:country_code_1:CL",
        "dummy:country_code_1:DK",
        "dummy:country_code_1:TH",
        "dummy:country_code_1:IL",
        "dummy:country_code_1:IE",
        "dummy:country_code_1:AT",
        "dummy:country_code_1:NZ",
        "dummy:country_code_1:TN",
        "dummy:country_code_1:MA",
        "dummy:country_code_1:SA",
        "dummy:country_code_1:CZ",
        "dummy:country_code_1:UA",
        "dummy:country_code_1:KE",
        "dummy:country_code_1:PK",
        "dummy:country_code_1:DZ",
        "dummy:country_code_1:MY",
        "dummy:country_code_1:MU",
        "dummy:country_code_1:AE",
        "dummy:country_code_1:IR",
        "dummy:country_code_1:GR",
        "dummy:country_code_1:EC",
        "dummy:country_code_1:PT",
        "dummy:country_code_1:VE",
        "dummy:country_code_1:BG",
        "dummy:country_code_1:PH",
        "dummy:country_code_1:RO",
        "dummy:country_code_1:HU",
        "dummy:country_code_1:CI",
        "dummy:country_code_1:UY",
        "dummy:country_code_1:GH",
        "dummy:country_code_1:CR",
        "dummy:country_code_1:SI",
        "dummy:country_code_1:PE",
        "dummy:country_code_1:NG",
        "dummy:country_code_1:HR",
        "dummy:country_code_1:BD",
        "dummy:country_code_1:RS",
        "dummy:country_code_1:LV",
        "dummy:country_code_1:PA",
        "dummy:country_code_1:EE",
        "dummy:country_code_1:AO",
        "dummy:country_code_1:DO",
        "dummy:country_code_1:SK",
        "dummy:country_code_1:LT",
        "dummy:country_code_1:SD",
        "dummy:country_code_1:LB",
        "dummy:country_code_1:KW",
        "dummy:country_code_1:LU",
        "dummy:country_code_1:GI",
        "dummy:country_code_1:GT",
        "dummy:country_code_1:GA",
        "dummy:country_code_1:UZ",
        "dummy:country_code_1:MK",
        "dummy:country_code_1:KG",
        "dummy:country_code_1:PS",
        "dummy:country_code_1:MT",
        "dummy:country_code_1:GM",
        "dummy:country_code_1:BA",
        "dummy:country_code_1:BB",
        "dummy:country_code_1:CU",
        "dummy:country_code_1:CY",
        "dummy:country_code_1:ET",
        "dummy:country_code_1:AM",
        "dummy:country_code_1:LK",
        "dummy:country_code_1:KZ",
        "dummy:country_code_1:QA",
        "dummy:country_code_1:SV",
        "dummy:country_code_1:TG",
        "dummy:country_code_1:TZ",
        "dummy:country_code_1:N/A",
        "dummy:country_code_1:__Others__",
        "dummy:User_Agent:nmap/7.80",
        "dummy:User_Agent:curl/7.68.0",
        "dummy:User_Agent:Wget/1.20.3",
        "dummy:User_Agent:Mozilla/5.0",
        "dummy:User_Agent:Nikto/2.1.6",
        "dummy:User_Agent:python-requests/2.25.1",
        "dummy:User_Agent:N/A",
        "dummy:User_Agent:__Others__",
        "dummy:country_code:US",
        "dummy:country_code:CO",
        "dummy:country_code:FR",
        "dummy:country_code:NG",
        "dummy:country_code:EG",
        "dummy:country_code:RU",
        "dummy:country_code:PL",
        "dummy:country_code:CA",
        "dummy:country_code:JP",
        "dummy:country_code:DE",
        "dummy:country_code:KR",
        "dummy:country_code:DK",
        "dummy:country_code:HK",
        "dummy:country_code:N/A",
        "dummy:country_code:__Others__",
        "dummy:Protocol:ICMP",
        "dummy:Protocol:UDP",
        "dummy:Protocol:TCP",
        "dummy:Protocol:N/A",
        "dummy:Protocol:__Others__"
    ],
    "optimalThreshold": 0.425,
    "usedThreshold": 0.425,
    "perCutData": {
        "cut": [
            0.0,
            0.025,
            0.05,
            0.075,
            0.1,
            0.125,
            0.15,
            0.175,
            0.2,
            0.225,
            0.25,
            0.275,
            0.3,
            0.325,
            0.35,
            0.375,
            0.4,
            0.425,
            0.45,
            0.475,
            0.5,
            0.525,
            0.55,
            0.575,
            0.6,
            0.625,
            0.65,
            0.675,
            0.7,
            0.725,
            0.75,
            0.775,
            0.8,
            0.825,
            0.85,
            0.875,
            0.9,
            0.925,
            0.95,
            0.975
        ],
        "tp": [
            161,
            161,
            161,
            161,
            161,
            161,
            161,
            161,
            161,
            161,
            161,
            161,
            161,
            161,
            161,
            161,
            161,
            161,
            161,
            161,
            161,
            161,
            161,
            161,
            0,
            0,
            0,
            0,
            0,
            0,
            0,
            0,
            0,
            0,
            0,
            0,
            0,
            0,
            0,
            0
        ],
        "tn": [
            0,
            0,
            0,
            0,
            0,
            0,
            0,
            0,
            0,
            0,
            0,
            0,
            0,
            0,
            0,
            0,
            0,
            1599,
            1599,
            1599,
            1599,
            1599,
            1599,
            1599,
            1599,
            1599,
            1599,
            1599,
            1599,
            1599,
            1599,
            1599,
            1599,
            1599,
            1599,
            1599,
            1599,
            1599,
            1599,
            1599
        ],
        "fp": [
            1599,
            1599,
            1599,
            1599,
            1599,
            1599,
            1599,
            1599,
            1599,
            1599,
            1599,
            1599,
            1599,
            1599,
            1599,
            1599,
            1599,
            0,
            0,
            0,
            0,
            0,
            0,
            0,
            0,
            0,
            0,
            0,
            0,
            0,
            0,
            0,
            0,
            0,
            0,
            0,
            0,
            0,
            0,
            0
        ],
        "fn": [
            0,
            0,
            0,
            0,
            0,
            0,
            0,
            0,
            0,
            0,
            0,
            0,
            0,
            0,
            0,
            0,
            0,
            0,
            0,
            0,
            0,
            0,
            0,
            0,
            161,
            161,
            161,
            161,
            161,
            161,
            161,
            161,
            161,
            161,
            161,
            161,
            161,
            161,
            161,
            161
        ],
        "precision": [
            0.09147727272727273,
            0.09147727272727273,
            0.09147727272727273,
            0.09147727272727273,
            0.09147727272727273,
            0.09147727272727273,
            0.09147727272727273,
            0.09147727272727273,
            0.09147727272727273,
            0.09147727272727273,
            0.09147727272727273,
            0.09147727272727273,
            0.09147727272727273,
            0.09147727272727273,
            0.09147727272727273,
            0.09147727272727273,
            0.09147727272727273,
            1.0,
            1.0,
            1.0,
            1.0,
            1.0,
            1.0,
            1.0,
            0.0,
            0.0,
            0.0,
            0.0,
            0.0,
            0.0,
            0.0,
            0.0,
            0.0,
            0.0,
            0.0,
            0.0,
            0.0,
            0.0,
            0.0,
            0.0
        ],
        "recall": [
            1.0,
            1.0,
            1.0,
            1.0,
            1.0,
            1.0,
            1.0,
            1.0,
            1.0,
            1.0,
            1.0,
            1.0,
            1.0,
            1.0,
            1.0,
            1.0,
            1.0,
            1.0,
            1.0,
            1.0,
            1.0,
            1.0,
            1.0,
            1.0,
            0.0,
            0.0,
            0.0,
            0.0,
            0.0,
            0.0,
            0.0,
            0.0,
            0.0,
            0.0,
            0.0,
            0.0,
            0.0,
            0.0,
            0.0,
            0.0
        ],
        "accuracy": [
            0.09147727272727273,
            0.09147727272727273,
            0.09147727272727273,
            0.09147727272727273,
            0.09147727272727273,
            0.09147727272727273,
            0.09147727272727273,
            0.09147727272727273,
            0.09147727272727273,
            0.09147727272727273,
            0.09147727272727273,
            0.09147727272727273,
            0.09147727272727273,
            0.09147727272727273,
            0.09147727272727273,
            0.09147727272727273,
            0.09147727272727273,
            1.0,
            1.0,
            1.0,
            1.0,
            1.0,
            1.0,
            1.0,
            0.9085227272727273,
            0.9085227272727273,
            0.9085227272727273,
            0.9085227272727273,
            0.9085227272727273,
            0.9085227272727273,
            0.9085227272727273,
            0.9085227272727273,
            0.9085227272727273,
            0.9085227272727273,
            0.9085227272727273,
            0.9085227272727273,
            0.9085227272727273,
            0.9085227272727273,
            0.9085227272727273,
            0.9085227272727273
        ],
        "f1": [
            0.16762103071317022,
            0.16762103071317022,
            0.16762103071317022,
            0.16762103071317022,
            0.16762103071317022,
            0.16762103071317022,
            0.16762103071317022,
            0.16762103071317022,
            0.16762103071317022,
            0.16762103071317022,
            0.16762103071317022,
            0.16762103071317022,
            0.16762103071317022,
            0.16762103071317022,
            0.16762103071317022,
            0.16762103071317022,
            0.16762103071317022,
            1.0,
            1.0,
            1.0,
            1.0,
            1.0,
            1.0,
            1.0,
            0.0,
            0.0,
            0.0,
            0.0,
            0.0,
            0.0,
            0.0,
            0.0,
            0.0,
            0.0,
            0.0,
            0.0,
            0.0,
            0.0,
            0.0,
            0.0
        ],
        "mcc": [
            0.0,
            0.0,
            0.0,
            0.0,
            0.0,
            0.0,
            0.0,
            0.0,
            0.0,
            0.0,
            0.0,
            0.0,
            0.0,
            0.0,
            0.0,
            0.0,
            0.0,
            1.0,
            1.0,
            1.0,
            1.0,
            1.0,
            1.0,
            1.0,
            0.0,
            0.0,
            0.0,
            0.0,
            0.0,
            0.0,
            0.0,
            0.0,
            0.0,
            0.0,
            0.0,
            0.0,
            0.0,
            0.0,
            0.0,
            0.0
        ],
        "hammingLoss": [
            0.9085227272727273,
            0.9085227272727273,
            0.9085227272727273,
            0.9085227272727273,
            0.9085227272727273,
            0.9085227272727273,
            0.9085227272727273,
            0.9085227272727273,
            0.9085227272727273,
            0.9085227272727273,
            0.9085227272727273,
            0.9085227272727273,
            0.9085227272727273,
            0.9085227272727273,
            0.9085227272727273,
            0.9085227272727273,
            0.9085227272727273,
            0.0,
            0.0,
            0.0,
            0.0,
            0.0,
            0.0,
            0.0,
            0.09147727272727268,
            0.09147727272727268,
            0.09147727272727268,
            0.09147727272727268,
            0.09147727272727268,
            0.09147727272727268,
            0.09147727272727268,
            0.09147727272727268,
            0.09147727272727268,
            0.09147727272727268,
            0.09147727272727268,
            0.09147727272727268,
            0.09147727272727268,
            0.09147727272727268,
            0.09147727272727268,
            0.09147727272727268
        ],
        "assertionsMetrics": [],
        "overridesMetrics": []
    },
    "tiMetrics": {
        "auc": 1.0,
        "logLoss": 0.5131963127601699,
        "lift": 2.5,
        "averagePrecision": 1.0,
        "calibrationLoss": 0.4014207395470955
    },
    "probaPercentiles": [
        0.4014207422733307,
        0.4014207422733307,
        0.4014207422733307,
        0.4014207422733307,
        0.4014207422733307,
        0.4014207422733307,
        0.4014207422733307,
        0.4014207422733307,
        0.4014207422733307,
        0.4014207422733307,
        0.4014207422733307,
        0.4014207422733307,
        0.4014207422733307,
        0.4014207422733307,
        0.4014207422733307,
        0.4014207422733307,
        0.4014207422733307,
        0.4014207422733307,
        0.4014207422733307,
        0.4014207422733307,
        0.4014207422733307,
        0.4014207422733307,
        0.4014207422733307,
        0.4014207422733307,
        0.4014207422733307,
        0.4014207422733307,
        0.4014207422733307,
        0.4014207422733307,
        0.4014207422733307,
        0.4014207422733307,
        0.4014207422733307,
        0.4014207422733307,
        0.4014207422733307,
        0.4014207422733307,
        0.4014207422733307,
        0.4014207422733307,
        0.4014207422733307,
        0.4014207422733307,
        0.4014207422733307,
        0.4014207422733307,
        0.4014207422733307,
        0.4014207422733307,
        0.4014207422733307,
        0.4014207422733307,
        0.4014207422733307,
        0.4014207422733307,
        0.4014207422733307,
        0.4014207422733307,
        0.4014207422733307,
        0.4014207422733307,
        0.4014207422733307,
        0.4014207422733307,
        0.4014207422733307,
        0.4014207422733307,
        0.4014207422733307,
        0.4014207422733307,
        0.4014207422733307,
        0.4014207422733307,
        0.4014207422733307,
        0.4014207422733307,
        0.4014207422733307,
        0.4014207422733307,
        0.4014207422733307,
        0.4014207422733307,
        0.4014207422733307,
        0.4014207422733307,
        0.4014207422733307,
        0.4014207422733307,
        0.4014207422733307,
        0.4014207422733307,
        0.4014207422733307,
        0.4014207422733307,
        0.4014207422733307,
        0.4014207422733307,
        0.4014207422733307,
        0.4014207422733307,
        0.4014207422733307,
        0.4014207422733307,
        0.4014207422733307,
        0.4014207422733307,
        0.4014207422733307,
        0.4014207422733307,
        0.4014207422733307,
        0.4014207422733307,
        0.4014207422733307,
        0.4014207422733307,
        0.4014207422733307,
        0.4014207422733307,
        0.4014207422733307,
        0.4014207422733307,
        0.5985792875289917,
        0.5985792875289917,
        0.5985792875289917,
        0.5985792875289917,
        0.5985792875289917,
        0.5985792875289917,
        0.5985792875289917,
        0.5985792875289917,
        0.5985792875289917
    ],
    "rocVizData": [
        [
            {
                "x": 0.0,
                "y": 0.0,
                "p": 1.5985792875289917
            },
            {
                "x": 0.0,
                "y": 1.0,
                "p": 0.5985792875289917
            },
            {
                "x": 1.0,
                "y": 1.0,
                "p": 0.4014207422733307
            }
        ]
    ],
    "liftVizData": {
        "bins": [
            {
                "bin_pos_prop": 0.0914772727,
                "bin_lift": 1.0,
                "cum_lift": 1.0,
                "cum_size": 1.0,
                "bin_min": 0.4014207423,
                "bin_max": 0.5985792875,
                "percentile_idx": 0
            }
        ],
        "wizard": {
            "positives": 161,
            "total": 1760
        }
    },
    "prVizData": [
        {
            "bins": [
                {
                    "x": 1.0,
                    "y": 0.09147727272727273,
                    "p": 0.4014207422733307
                },
                {
                    "x": 1.0,
                    "y": 1.0,
                    "p": 0.5985792875289917
                }
            ],
            "positiveRate": 0.09147727272727273
        }
    ],
    "densityData": {
        "0": {
            "actualIsThisClass": [
                1.6325346208593257e-21,
                8.631308542003364e-21,
                4.4359046738624316e-20,
                2.2160476252519375e-19,
                1.0761363372101678e-18,
                5.0798024646923316e-18,
                2.3308679723422606e-17,
                1.0396324964862438e-16,
                4.507475132500615e-16,
                1.899669956939865e-15,
                7.782413301351682e-15,
                3.099143954804477e-14,
                1.1996664948881402e-13,
                4.514094344265923e-13,
                1.6510949727689602e-12,
                5.870360879749503e-12,
                2.0288449913974113e-11,
                6.815916411941925e-11,
                2.2258247438720822e-10,
                7.065599196809235e-10,
                2.1802101223850905e-09,
                6.539416925739325e-09,
                1.9066502033292032e-08,
                5.403738730704732e-08,
                1.4887061527074563e-07,
                3.9867127531232156e-07,
                1.0377965658319208e-06,
                2.6260369630932125e-06,
                6.4592301905907415e-06,
                1.5443723263262586e-05,
                3.589339856870854e-05,
                8.109021908530812e-05,
                0.00017807940165206565,
                0.0003801458235000897,
                0.000788820304229536,
                0.001591099209171846,
                0.003119663564087244,
                0.005945790230657141,
                0.011015462269023344,
                0.019837511570895555,
                0.034726657250109816,
                0.05909219058349075,
                0.0977436428176536,
                0.15715864414671768,
                0.24562883458736415,
                0.37317431446575566,
                0.5511064086943814,
                0.7911348224360865,
                1.1039689579946954,
                1.4974576354143492,
                1.9744382191980763,
                2.530602164862404,
                3.1527934752747155,
                3.8181984115560157,
                4.494824960092362,
                5.143495885967296,
                5.721308043325766,
                6.186194745269625,
                6.501943117810118,
                6.642844181024769,
                6.597148907394089,
                6.368685895540754,
                5.976331712768861,
                5.451435540462782,
                4.833685493635942,
                4.1661722250828594,
                3.490497817631944,
                2.842685695077951,
                2.2504099481640374,
                1.7317522303423407,
                1.2953919502928772,
                0.9419068471585619,
                0.6657421216299079,
                0.4573992404891428,
                0.3054753451866936,
                0.19831164225770434,
                0.1251444458403811,
                0.07676553300588806,
                0.04577330609302674,
                0.026530755368968834,
                0.014947834143696676,
                0.00818649964583996,
                0.004358223980614501,
                0.002255340747181857,
                0.0011345042010319638,
                0.0005547424141079859,
                0.0002636743946110822,
                0.00012182484420891221,
                5.471357510802891e-05,
                2.388612188031033e-05,
                1.0136488130820235e-05,
                4.181390325467292e-06,
                1.6766608576043036e-06,
                6.535232802603171e-07,
                2.476100237993662e-07,
                9.119409180023714e-08,
                3.264799422322789e-08,
                1.1361551174832794e-08,
                3.843351228490394e-09,
                1.2637868791983607e-09
            ],
            "actualIsNotThisClass": [
                1.2637868791983516e-09,
                3.843351228490394e-09,
                1.1361551174832875e-08,
                3.264799422322789e-08,
                9.119409180023714e-08,
                2.476100237993671e-07,
                6.535232802603171e-07,
                1.6766608576043124e-06,
                4.181390325467292e-06,
                1.0136488130820235e-05,
                2.3886121880310543e-05,
                5.471357510802891e-05,
                0.00012182484420891286,
                0.0002636743946110822,
                0.0005547424141079888,
                0.0011345042010319618,
                0.002255340747181861,
                0.004358223980614524,
                0.00818649964583996,
                0.01494783414369673,
                0.026530755368968834,
                0.0457733060930268,
                0.07676553300588804,
                0.1251444458403812,
                0.1983116422577047,
                0.3054753451866937,
                0.45739924048914365,
                0.6657421216299085,
                0.9419068471585644,
                1.2953919502928797,
                1.7317522303423407,
                2.2504099481640414,
                2.842685695077951,
                3.49049781763195,
                4.1661722250828594,
                4.833685493635942,
                5.451435540462792,
                5.976331712768861,
                6.368685895540754,
                6.597148907394089,
                6.642844181024769,
                6.501943117810118,
                6.186194745269625,
                5.721308043325766,
                5.143495885967296,
                4.494824960092362,
                3.8181984115560157,
                3.1527934752747098,
                2.530602164862404,
                1.9744382191980763,
                1.4974576354143505,
                1.1039689579946934,
                0.7911348224360851,
                0.5511064086943814,
                0.373174314465755,
                0.24562883458736404,
                0.15715864414671726,
                0.09774364281765355,
                0.059092190583490724,
                0.034726657250109705,
                0.019837511570895555,
                0.011015462269023304,
                0.005945790230657141,
                0.0031196635640872274,
                0.0015910992091718403,
                0.000788820304229536,
                0.0003801458235000877,
                0.00017807940165206565,
                8.109021908530784e-05,
                3.589339856870854e-05,
                1.544372326326253e-05,
                6.459230190590718e-06,
                2.6260369630932125e-06,
                1.0377965658319153e-06,
                3.9867127531232156e-07,
                1.4887061527074457e-07,
                5.403738730704732e-08,
                1.9066502033292168e-08,
                6.539416925739279e-09,
                2.1802101223850905e-09,
                7.065599196809185e-10,
                2.2258247438720742e-10,
                6.815916411941876e-11,
                2.0288449913973823e-11,
                5.870360879749503e-12,
                1.6510949727689483e-12,
                4.5140943442658905e-13,
                1.1996664948881233e-13,
                3.099143954804477e-14,
                7.782413301351625e-15,
                1.899669956939865e-15,
                4.507475132500615e-16,
                1.039632496486229e-16,
                2.3308679723422606e-17,
                5.0798024646923316e-18,
                1.0761363372101525e-18,
                2.2160476252519693e-19,
                4.4359046738624316e-20,
                8.631308542003364e-21,
                1.6325346208593605e-21
            ],
            "actualIsThisClassMedian": 0.5985792875289917,
            "actualIsNotThisClassMedian": 0.4014207124710083
        },
        "1": {
            "actualIsThisClass": [
                1.6325346208593257e-21,
                8.631308542003364e-21,
                4.4359046738624316e-20,
                2.2160476252519375e-19,
                1.0761363372101678e-18,
                5.0798024646923316e-18,
                2.3308679723422606e-17,
                1.0396324964862438e-16,
                4.507475132500615e-16,
                1.899669956939865e-15,
                7.782413301351682e-15,
                3.099143954804477e-14,
                1.1996664948881316e-13,
                4.5140943442658905e-13,
                1.6510949727689602e-12,
                5.870360879749461e-12,
                2.0288449913973968e-11,
                6.815916411941925e-11,
                2.2258247438720742e-10,
                7.065599196809235e-10,
                2.1802101223850905e-09,
                6.539416925739325e-09,
                1.9066502033292032e-08,
                5.403738730704732e-08,
                1.4887061527074563e-07,
                3.9867127531232156e-07,
                1.0377965658319208e-06,
                2.6260369630932125e-06,
                6.4592301905907415e-06,
                1.5443723263262586e-05,
                3.589339856870854e-05,
                8.109021908530812e-05,
                0.00017807940165206565,
                0.0003801458235000897,
                0.000788820304229536,
                0.001591099209171846,
                0.003119663564087244,
                0.005945790230657141,
                0.011015462269023344,
                0.019837511570895555,
                0.034726657250109795,
                0.059092190583490724,
                0.09774364281765355,
                0.1571586441467176,
                0.24562883458736404,
                0.37317431446575566,
                0.5511064086943814,
                0.7911348224360865,
                1.1039689579946965,
                1.4974576354143505,
                1.9744382191980763,
                2.530602164862404,
                3.1527934752747155,
                3.8181984115560157,
                4.494824960092362,
                5.143495885967296,
                5.721308043325766,
                6.186194745269625,
                6.501943117810118,
                6.642844181024769,
                6.597148907394089,
                6.368685895540754,
                5.976331712768861,
                5.451435540462782,
                4.833685493635942,
                4.1661722250828594,
                3.490497817631944,
                2.842685695077951,
                2.2504099481640374,
                1.7317522303423407,
                1.2953919502928772,
                0.9419068471585628,
                0.6657421216299085,
                0.4573992404891428,
                0.3054753451866937,
                0.19831164225770426,
                0.12514444584038104,
                0.0767655330058881,
                0.04577330609302672,
                0.026530755368968834,
                0.014947834143696676,
                0.00818649964583996,
                0.004358223980614501,
                0.002255340747181857,
                0.0011345042010319638,
                0.0005547424141079859,
                0.0002636743946110822,
                0.00012182484420891221,
                5.471357510802891e-05,
                2.388612188031033e-05,
                1.0136488130820235e-05,
                4.181390325467292e-06,
                1.6766608576043036e-06,
                6.535232802603171e-07,
                2.476100237993662e-07,
                9.119409180023714e-08,
                3.264799422322789e-08,
                1.1361551174832794e-08,
                3.843351228490394e-09,
                1.2637868791983607e-09
            ],
            "actualIsNotThisClass": [
                1.2637868791983516e-09,
                3.843351228490394e-09,
                1.1361551174832875e-08,
                3.264799422322789e-08,
                9.119409180023714e-08,
                2.476100237993671e-07,
                6.535232802603171e-07,
                1.6766608576043124e-06,
                4.181390325467292e-06,
                1.0136488130820235e-05,
                2.3886121880310543e-05,
                5.471357510802891e-05,
                0.00012182484420891286,
                0.0002636743946110822,
                0.0005547424141079888,
                0.0011345042010319618,
                0.002255340747181861,
                0.004358223980614524,
                0.00818649964583996,
                0.01494783414369673,
                0.026530755368968834,
                0.045773306093026815,
                0.07676553300588806,
                0.1251444458403812,
                0.1983116422577047,
                0.3054753451866936,
                0.45739924048914365,
                0.6657421216299079,
                0.9419068471585635,
                1.2953919502928797,
                1.7317522303423407,
                2.2504099481640414,
                2.842685695077951,
                3.49049781763195,
                4.1661722250828594,
                4.833685493635942,
                5.451435540462792,
                5.976331712768861,
                6.368685895540754,
                6.597148907394089,
                6.642844181024769,
                6.501943117810118,
                6.186194745269625,
                5.721308043325766,
                5.143495885967296,
                4.494824960092362,
                3.8181984115560157,
                3.1527934752747098,
                2.530602164862404,
                1.9744382191980763,
                1.4974576354143492,
                1.1039689579946934,
                0.7911348224360851,
                0.5511064086943814,
                0.373174314465755,
                0.24562883458736415,
                0.15715864414671726,
                0.0977436428176536,
                0.05909219058349075,
                0.03472665725010969,
                0.019837511570895555,
                0.011015462269023304,
                0.005945790230657141,
                0.0031196635640872274,
                0.0015910992091718403,
                0.000788820304229536,
                0.0003801458235000877,
                0.00017807940165206565,
                8.109021908530784e-05,
                3.589339856870854e-05,
                1.544372326326253e-05,
                6.459230190590718e-06,
                2.6260369630932125e-06,
                1.0377965658319153e-06,
                3.9867127531232156e-07,
                1.4887061527074457e-07,
                5.403738730704732e-08,
                1.9066502033292168e-08,
                6.539416925739279e-09,
                2.1802101223850905e-09,
                7.065599196809185e-10,
                2.2258247438720822e-10,
                6.815916411941925e-11,
                2.0288449913973968e-11,
                5.870360879749545e-12,
                1.6510949727689483e-12,
                4.514094344265923e-13,
                1.1996664948881316e-13,
                3.099143954804477e-14,
                7.782413301351625e-15,
                1.899669956939865e-15,
                4.507475132500615e-16,
                1.039632496486229e-16,
                2.3308679723422606e-17,
                5.0798024646923316e-18,
                1.0761363372101525e-18,
                2.2160476252519693e-19,
                4.4359046738624316e-20,
                8.631308542003364e-21,
                1.6325346208593605e-21
            ],
            "actualIsThisClassMedian": 0.5985792875289917,
            "actualIsNotThisClassMedian": 0.4014207422733307
        }
    },
    "calibrationData": [
        {
            "y": 0,
            "x": 0,
            "n": 0
        },
        {
            "y": 0.0,
            "x": 0.4014207422733307,
            "n": 1599.0
        },
        {
            "y": 1.0,
            "x": 0.5985792875289917,
            "n": 161.0
        },
        {
            "y": 1,
            "x": 1,
            "n": 0
        }
    ],
    "probaDistribData": {
        "bins": [
            0.0,
            0.1,
            0.2,
            0.3,
            0.4,
            0.5,
            0.6,
            0.7,
            0.8,
            0.9,
            1.0
        ],
        "probaDistribs": [
            [
                0.0,
                0.0,
                0.0,
                0.0,
                1599.0,
                0.0,
                0.0,
                0.0,
                0.0,
                0.0
            ],
            [
                0.0,
                0.0,
                0.0,
                0.0,
                0.0,
                161.0,
                0.0,
                0.0,
                0.0,
                0.0
            ]
        ]
    },
    "globalMetrics": {
        "testWeight": 1760,
        "targetAvg": [
            0.09147727272727273
        ],
        "targetStd": [
            0.28836856498729213
        ],
        "predictionAvg": [
            0.09147727272727273
        ],
        "predictionStd": [
            0.28828663045943165
        ]
    }
}