{
    "predictedClassCountPerCut": [
        {
            "1": 1760
        },
        {
            "1": 1760
        },
        {
            "1": 1760
        },
        {
            "1": 1760
        },
        {
            "1": 1760
        },
        {
            "1": 1760
        },
        {
            "1": 1760
        },
        {
            "1": 1760
        },
        {
            "1": 1760
        },
        {
            "1": 1760
        },
        {
            "1": 1760
        },
        {
            "1": 1760
        },
        {
            "1": 1760
        },
        {
            "1": 1760
        },
        {
            "1": 1760
        },
        {
            "1": 1760
        },
        {
            "1": 1760
        },
        {
            "0": 1599,
            "1": 161
        },
        {
            "0": 1599,
            "1": 161
        },
        {
            "0": 1599,
            "1": 161
        },
        {
            "0": 1599,
            "1": 161
        },
        {
            "0": 1599,
            "1": 161
        },
        {
            "0": 1599,
            "1": 161
        },
        {
            "0": 1599,
            "1": 161
        },
        {
            "0": 1760
        },
        {
            "0": 1760
        },
        {
            "0": 1760
        },
        {
            "0": 1760
        },
        {
            "0": 1760
        },
        {
            "0": 1760
        },
        {
            "0": 1760
        },
        {
            "0": 1760
        },
        {
            "0": 1760
        },
        {
            "0": 1760
        },
        {
            "0": 1760
        },
        {
            "0": 1760
        },
        {
            "0": 1760
        },
        {
            "0": 1760
        },
        {
            "0": 1760
        },
        {
            "0": 1760
        }
    ],
    "cuts": [
        0.0,
        0.025,
        0.05,
        0.075,
        0.1,
        0.125,
        0.15,
        0.175,
        0.2,
        0.225,
        0.25,
        0.275,
        0.3,
        0.325,
        0.35,
        0.375,
        0.4,
        0.425,
        0.45,
        0.475,
        0.5,
        0.525,
        0.55,
        0.575,
        0.6,
        0.625,
        0.65,
        0.675,
        0.7,
        0.725,
        0.75,
        0.775,
        0.8,
        0.825,
        0.85,
        0.875,
        0.9,
        0.925,
        0.95,
        0.975
    ],
    "predictedClassCount": {
        "0": 1599,
        "1": 161
    },
    "probabilityDensities": {
        "0": {
            "density": [
                7.247273773020813e-192,
                2.394746611814048e-182,
                4.526683710956023e-173,
                4.8948165135307616e-164,
                3.027808233794555e-155,
                1.0714107458019051e-146,
                2.168799043827643e-138,
                2.511414002878783e-130,
                1.6636156330597742e-122,
                6.3041038266101065e-115,
                1.3665622033118305e-107,
                1.6946153473874082e-100,
                1.2021220102310295e-93,
                4.878222956520451e-87,
                1.1324275471961938e-80,
                1.503816647388503e-74,
                1.1423916867995894e-68,
                4.96444682228342e-63,
                1.2341341644565173e-57,
                1.755050308774591e-52,
                1.4277509185012398e-47,
                6.644327173648789e-43,
                1.7688265716745298e-38,
                2.693736934254865e-34,
                2.346717388723097e-30,
                1.1695050052164761e-26,
                3.334103376481064e-23,
                5.437405484405306e-20,
                5.072710333495621e-17,
                2.7072233627757008e-14,
                8.265017890934704e-12,
                1.4434415079958126e-09,
                1.442083024975478e-07,
                8.241704186801641e-06,
                0.0002694507915157929,
                0.0050393855663868675,
                0.05391522164060083,
                0.32997488417785914,
                1.1552768168409977,
                2.3138058495776392,
                2.6509617049210084,
                1.737463446680863,
                0.6514237406377711,
                0.13971633043226736,
                0.017142195441342486,
                0.0012031544923475778,
                4.8307218827207457e-05,
                1.1095282274577679e-06,
                1.457809252532679e-08,
                1.1425062118396816e-10,
                1.0887009692612478e-09,
                1.4478479336823778e-07,
                1.1019475998008556e-05,
                0.0004797716950602777,
                0.011949341821514331,
                0.1702507485137058,
                1.3876174680819742,
                6.469730194284453,
                17.255925784116148,
                26.328495442041564,
                22.97997238183009,
                11.473836211979785,
                3.277203973915508,
                0.5354685677224827,
                0.0500495498177173,
                0.0026760982337500176,
                8.185394406643194e-05,
                1.432230283811049e-06,
                1.4335794852703344e-08,
                8.208548824599154e-11,
                2.688726805638619e-13,
                5.038052064136101e-16,
                5.400255509045996e-19,
                3.3113237881944173e-22,
                1.1615145983485332e-25,
                2.3306839158807487e-29,
                2.6753325204182554e-33,
                1.7567414211848218e-37,
                6.598931149480791e-42,
                1.417996098561164e-46,
                1.7430592818200756e-51,
                1.2257021919043256e-56,
                4.930528241509756e-62,
                1.1345865262065124e-67,
                1.493542123710773e-73,
                1.1246904645755307e-79,
                4.844893482904593e-86,
                1.1939087542604348e-92,
                1.6830372301071633e-99,
                1.357225442916296e-106,
                6.261032309782313e-114,
                1.6522493150699185e-121,
                2.4942552736662752e-129,
                2.153981162161732e-137,
                1.0640905481597158e-145,
                3.007121345240668e-154,
                4.8613736677861237e-163,
                4.4957560582722005e-172,
                2.3783849890004028e-181,
                7.197758237926021e-191
            ],
            "median": 0.5985792875289917
        },
        "1": {
            "density": [
                7.196799530200318e-191,
                2.3780839572486517e-181,
                4.4952160590783525e-172,
                4.8608203210841315e-163,
                3.0067974601010804e-154,
                1.0639822708713485e-145,
                2.1537744355931076e-137,
                2.4940298891487125e-129,
                1.6521090101465855e-121,
                6.260533666064972e-114,
                1.357124280609801e-106,
                1.6829200930304503e-99,
                1.1938313532093853e-92,
                4.84460167446022e-86,
                1.1246277078858035e-79,
                1.4934651512203303e-73,
                1.1345326974566683e-67,
                4.930313670122894e-62,
                1.225653454031688e-56,
                1.7429962243182402e-51,
                1.417949647441125e-46,
                6.598736421178553e-42,
                1.7566949928159187e-37,
                2.675269604234291e-33,
                2.330635497217338e-29,
                1.161493458103095e-25,
                3.3112714839508843e-22,
                5.400182284836316e-19,
                5.037994166485082e-16,
                2.688701011093654e-13,
                8.208484272912439e-11,
                1.4335704491690617e-08,
                1.432223249785536e-06,
                8.185364217648657e-05,
                0.002676091185123673,
                0.050049462304314056,
                0.5354680151173992,
                3.277202386692869,
                11.473835001563565,
                22.979974782840795,
                26.328499275648163,
                17.255926092623987,
                6.469728391155648,
                1.3876164355070066,
                0.1702505138366798,
                0.011949315753352062,
                0.00047977018207918373,
                1.1019428676167218e-05,
                1.447839819840309e-07,
                1.088693257642484e-09,
                1.1424980428341818e-10,
                1.4578010828611158e-08,
                1.1095234627195692e-06,
                4.830706648827304e-05,
                0.0012031518675983217,
                0.017142171812198532,
                0.13971622646443407,
                0.6514235590844649,
                1.737463477743879,
                2.650962090918921,
                2.313806091330437,
                1.155276694966682,
                0.3299747243636973,
                0.053915165999937585,
                0.0050393767548433084,
                0.0002694500818041972,
                8.241673790127616e-06,
                1.4420759425607963e-07,
                1.4434324097324154e-09,
                8.264952895177599e-12,
                2.7071973907821612e-14,
                5.0726520375489204e-17,
                5.437331756464353e-20,
                3.33405071242071e-23,
                1.1694837195409567e-26,
                2.3466686369729296e-30,
                2.693673585251471e-34,
                1.7687798239110193e-38,
                6.64413110575185e-43,
                1.4277041478300312e-47,
                1.7549868174810117e-52,
                1.234085091301454e-57,
                4.964230774794863e-63,
                1.1423374877455529e-68,
                1.5037391453813264e-74,
                1.1323643587842054e-80,
                4.877929140638374e-87,
                1.2020440767147584e-93,
                1.6944974044896548e-100,
                1.3664603450790197e-107,
                6.30360175257326e-115,
                1.6634743629368432e-122,
                2.5111870678730365e-130,
                2.1685908951250255e-138,
                1.0713017236414525e-146,
                3.0274821205520682e-155,
                4.894259360191045e-164,
                4.526139996945443e-173,
                2.3944435091746988e-182,
                7.246308470058295e-192
            ],
            "median": 0.4014207422733307
        }
    }
}