{
  "tags": {
    "ANALYSIS.HiHJuJJO": {
      "versionNumber": 0,
      "lastModifiedBy": {
        "login": "admin"
      },
      "lastModifiedOn": 1769105001407
    },
    "DASHBOARD.vFzZF9l": {
      "versionNumber": 0,
      "lastModifiedBy": {
        "login": "admin"
      },
      "lastModifiedOn": 1769096158307
    },
    "DATASET.access_log-ip-format": {
      "versionNumber": 0,
      "lastModifiedBy": {
        "login": "admin"
      },
      "lastModifiedOn": 1769097573568
    },
    "DATASET.access_log-ip-long": {
      "versionNumber": 0,
      "lastModifiedBy": {
        "login": "admin"
      },
      "lastModifiedOn": 1769097445302
    },
    "DATASET.access_logs": {
      "versionNumber": 0,
      "lastModifiedBy": {
        "login": "admin"
      },
      "lastModifiedOn": 1769096323895
    },
    "DATASET.access_logs-ip-format": {
      "versionNumber": 2,
      "lastModifiedBy": {
        "login": "admin"
      },
      "lastModifiedOn": 1769098523704
    },
    "DATASET.access_logs-with-country-code": {
      "versionNumber": 1,
      "lastModifiedBy": {
        "login": "admin"
      },
      "lastModifiedOn": 1769100509245
    },
    "DATASET.dbip_country": {
      "versionNumber": 0,
      "lastModifiedBy": {
        "login": "admin"
      },
      "lastModifiedOn": 1769099077507
    },
    "DATASET.dbip_country-ip-format": {
      "versionNumber": 2,
      "lastModifiedBy": {
        "login": "admin"
      },
      "lastModifiedOn": 1769099485206
    },
    "DATASET.network_logs": {
      "versionNumber": 0,
      "lastModifiedBy": {
        "login": "admin"
      },
      "lastModifiedOn": 1769103249877
    },
    "DATASET.network_logs-ip-format": {
      "versionNumber": 1,
      "lastModifiedBy": {
        "login": "admin"
      },
      "lastModifiedOn": 1769103425100
    },
    "DATASET.network_logs-ip-in-out_format": {
      "versionNumber": 1,
      "lastModifiedBy": {
        "login": "admin"
      },
      "lastModifiedOn": 1769104525614
    },
    "DATASET.network_logs-ip-in-out_format_scored": {
      "versionNumber": 0,
      "lastModifiedBy": {
        "login": "admin"
      },
      "lastModifiedOn": 1769106356803
    },
    "DATASET.network_logs-with-country-code": {
      "versionNumber": 1,
      "lastModifiedBy": {
        "login": "admin"
      },
      "lastModifiedOn": 1769104074086
    },
    "RECIPE.compute_access_log-ip-format": {
      "versionNumber": 0,
      "lastModifiedBy": {
        "login": "admin"
      },
      "lastModifiedOn": 1769097575324
    },
    "RECIPE.compute_access_log-ip-long": {
      "versionNumber": 0,
      "lastModifiedBy": {
        "login": "admin"
      },
      "lastModifiedOn": 1769097453307
    },
    "RECIPE.compute_access_logs-ip-format": {
      "versionNumber": 4,
      "lastModifiedBy": {
        "login": "admin"
      },
      "lastModifiedOn": 1769099527647
    },
    "RECIPE.compute_access_logs-with-country-code": {
      "versionNumber": 12,
      "lastModifiedBy": {
        "login": "admin"
      },
      "lastModifiedOn": 1769104073937
    },
    "RECIPE.compute_dbip_country-ip-format": {
      "versionNumber": 2,
      "lastModifiedBy": {
        "login": "admin"
      },
      "lastModifiedOn": 1769099485265
    },
    "RECIPE.compute_network_logs-ip-format": {
      "versionNumber": 1,
      "lastModifiedBy": {
        "login": "admin"
      },
      "lastModifiedOn": 1769103425216
    },
    "RECIPE.compute_network_logs-ip-in-out_format": {
      "versionNumber": 1,
      "lastModifiedBy": {
        "login": "admin"
      },
      "lastModifiedOn": 1769104525470
    },
    "RECIPE.score_network_logs-ip-in-out_format": {
      "versionNumber": 1,
      "lastModifiedBy": {
        "login": "admin"
      },
      "lastModifiedOn": 1769106363591
    },
    "RECIPE.train_Random_Forest": {
      "versionNumber": 0,
      "lastModifiedBy": {
        "login": "admin"
      },
      "lastModifiedOn": 1769106320220
    },
    "SAVED_MODEL.hdRo5ZR3": {
      "versionNumber": 0,
      "lastModifiedBy": {
        "login": "admin"
      },
      "lastModifiedOn": 1769106319536
    }
  }
}