{
    "details": {
        "Status": {
            "levels": [
                "Success",
                "Failure"
            ],
            "with_others": true
        },
        "Request_Type": {
            "levels": [
                "SMTP",
                "HTTP",
                "Telnet",
                "FTP",
                "DNS",
                "SSH",
                "HTTPS"
            ],
            "with_others": true
        },
        "country_code_1": {
            "levels": [
                "US",
                "CN",
                "JP",
                "DE",
                "KR",
                "GB",
                "BR",
                "CA",
                "FR",
                "AU",
                "IT",
                "NL",
                "IN",
                "RU",
                "TW",
                "ZA",
                "MX",
                "SE",
                "EG",
                "ES",
                "HK",
                "CH",
                "SG",
                "CO",
                "PL",
                "AR",
                "TR",
                "ID",
                "VN",
                "FI",
                "BE",
                "NO",
                "CL",
                "DK",
                "TH",
                "IL",
                "IE",
                "AT",
                "NZ",
                "TN",
                "MA",
                "SA",
                "CZ",
                "UA",
                "KE",
                "PK",
                "DZ",
                "MY",
                "MU",
                "AE",
                "IR",
                "GR",
                "EC",
                "PT",
                "VE",
                "BG",
                "PH",
                "RO",
                "HU",
                "CI",
                "UY",
                "GH",
                "CR",
                "SI",
                "PE",
                "NG",
                "HR",
                "BD",
                "RS",
                "LV",
                "PA",
                "EE",
                "AO",
                "DO",
                "SK",
                "LT",
                "SD",
                "LB",
                "KW",
                "LU",
                "GI",
                "GT",
                "GA",
                "UZ",
                "MK",
                "KG",
                "PS",
                "MT",
                "GM",
                "BA",
                "BB",
                "CU",
                "CY",
                "ET",
                "AM",
                "LK",
                "KZ",
                "QA",
                "SV",
                "TG",
                "TZ"
            ],
            "with_others": true
        },
        "User_Agent": {
            "levels": [
                "nmap/7.80",
                "curl/7.68.0",
                "Wget/1.20.3",
                "Mozilla/5.0",
                "Nikto/2.1.6",
                "python-requests/2.25.1"
            ],
            "with_others": true
        },
        "country_code": {
            "levels": [
                "US",
                "CO",
                "FR",
                "NG",
                "EG",
                "RU",
                "PL",
                "CA",
                "JP",
                "DE",
                "KR",
                "DK",
                "HK"
            ],
            "with_others": true
        },
        "Protocol": {
            "levels": [
                "ICMP",
                "UDP",
                "TCP"
            ],
            "with_others": true
        }
    }
}