{
    "startedAt": 1769105416573,
    "gridSize": 1,
    "nThreads": 4,
    "nSplits": 5,
    "metric": "ROC_AUC",
    "timeout": null,
    "gridPoints": [
        {
            "finishedAt": 1769105416950,
            "score": 1.0,
            "testScoreGibMean": 1.0,
            "testScoreMean": 1.0,
            "testScoreStd": 0.0,
            "trainScoreMean": 1.0,
            "trainScoreStd": 0.0,
            "time": 1066,
            "fitTimeMean": 177.8,
            "fitTimeStd": 38.597409239481344,
            "scoreTimeMean": 35.4,
            "scoreTimeStd": 8.73155198117723,
            "parameters": {
                "booster": "gbtree",
                "colsample_bylevel": 1.0,
                "colsample_bytree": 1.0,
                "gamma": 0.0,
                "learning_rate": 0.2,
                "max_delta_step": 0.0,
                "max_depth": 3,
                "min_child_weight": 1.0,
                "reg_alpha": 0.0,
                "reg_lambda": 1.0,
                "subsample": 1.0,
                "n_estimators": 1
            }
        }
    ]
}