{
    "modelInputNRows": 7086,
    "modelInputNCols": 148,
    "modelInputIsSparse": true,
    "modelInputMemory": 878668,
    "usedGridSearch": true,
    "gridSize": 1,
    "gridBestScore": 1.0,
    "gridCells": [
        {
            "params": {
                "booster": "gbtree",
                "colsample_bylevel": 1.0,
                "colsample_bytree": 1.0,
                "gamma": 0.0,
                "learning_rate": 0.2,
                "max_delta_step": 0.0,
                "max_depth": 3,
                "min_child_weight": 1.0,
                "reg_alpha": 0.0,
                "reg_lambda": 1.0,
                "subsample": 1.0,
                "n_estimators": 1
            },
            "score": 1.0,
            "scoreStd": 0.0,
            "fitTime": 0.1778,
            "fitTimeStd": 0.038597409239481344,
            "scoreTime": 0.0354,
            "scoreTimeStd": 0.00873155198117723
        }
    ],
    "rawImportance": {
        "variables": [
            "dummy:country_code:N/A"
        ],
        "importances": [
            1.0
        ]
    },
    "probaAware": true
}