{
  "state": "DONE",
  "preSearchDescription": {
    "gridLength": 1,
    "searchStrategy": "GRID",
    "importantParams": [
      {
        "name": "trees",
        "val": "300"
      },
      {
        "name": "max_depth",
        "vals": [
          "3"
        ]
      }
    ]
  },
  "postSearchDescription": {
    "importantParams": [
      {
        "name": "trees",
        "val": "1"
      },
      {
        "name": "max_depth",
        "val": "3"
      }
    ]
  },
  "resumed": false,
  "timeOrderingEnabled": false,
  "sampleWeightsEnabled": false,
  "modelId": "m1",
  "progress": {
    "top_level_todo": [],
    "stack": [],
    "top_level_done": [
      {
        "name": "Loading train set",
        "time": 187
      },
      {
        "name": "Loading test set",
        "time": 31
      },
      {
        "name": "Collecting statistics",
        "time": 41
      },
      {
        "name": "Preprocessing train set",
        "time": 98
      },
      {
        "name": "Preprocessing test set",
        "time": 59
      },
      {
        "name": "Hyperparameter searching",
        "time": 1238
      },
      {
        "name": "Fitting model",
        "time": 80
      },
      {
        "name": "Saving model",
        "time": 11
      },
      {
        "name": "Scoring model",
        "time": 593
      },
      {
        "name": "Preparing explainability",
        "time": 3364
      }
    ]
  },
  "startTime": 1769105415936,
  "endTime": 1769105421643,
  "preprocessingTime": 419,
  "trainingTime": 5288,
  "hyperparamsSearchTime": 1238,
  "pythonVersion": "3.9.21",
  "packagesVersion": {
    "pandas": "2.2.3",
    "scikit-learn": "1.5.2",
    "scipy": "1.13.1",
    "lightgbm": "4.6.0",
    "flask": "2.2.5",
    "itsdangerous": "2.2.0",
    "jinja2": "3.1.6",
    "xgboost": "1.7.6",
    "werkzeug": "3.1.3",
    "statsmodels": "0.14.5",
    "pillow": "11.3.0",
    "markupsafe": "3.0.2",
    "cloudpickle": "1.5.0"
  }
}