{
    "startedAt": 1769105775219,
    "gridSize": 2,
    "nThreads": 4,
    "nSplits": 5,
    "metric": "ROC_AUC",
    "timeout": null,
    "gridPoints": [
        {
            "finishedAt": 1769105779133,
            "score": 0.9934647916218191,
            "testScoreGibMean": 0.9934647916218191,
            "testScoreMean": 0.9934647916218191,
            "testScoreStd": 0.001584974346503548,
            "trainScoreMean": 0.9937227920528559,
            "trainScoreStd": 0.0005657364603478517,
            "time": 10153,
            "fitTimeMean": 1432.4,
            "fitTimeStd": 76.91709822919739,
            "scoreTimeMean": 598.2,
            "scoreTimeStd": 61.69408399514494,
            "parameters": {
                "max_depth": 6,
                "max_features": "sqrt",
                "min_samples_leaf": 1,
                "n_estimators": 100,
                "min_samples_split": 3
            }
        },
        {
            "finishedAt": 1769105780263,
            "score": 0.9986156318878113,
            "testScoreGibMean": 0.9986156318878113,
            "testScoreMean": 0.9986156318878113,
            "testScoreStd": 0.00045851114239864684,
            "trainScoreMean": 0.9994395813612575,
            "trainScoreStd": 0.0001433680067280532,
            "time": 8306,
            "fitTimeMean": 1126.4,
            "fitTimeStd": 305.53729723226917,
            "scoreTimeMean": 534.8,
            "scoreTimeStd": 249.8090470739601,
            "parameters": {
                "max_depth": 13,
                "max_features": "sqrt",
                "min_samples_leaf": 1,
                "n_estimators": 100,
                "min_samples_split": 3
            }
        }
    ]
}