[
    {
        "test_score_gib": 0.9909001293469404,
        "train_score": 0.9939385407162409,
        "test_score": 0.9909001293469404,
        "num_samples": 1418,
        "fit_time": 1477,
        "score_time": 569,
        "time": 2046,
        "parameters": {
            "max_depth": 6,
            "max_features": "sqrt",
            "min_samples_leaf": 1,
            "n_estimators": 100,
            "min_samples_split": 3
        },
        "done_at": 1769105777269,
        "split_id": 0
    },
    {
        "test_score_gib": 0.993544708029197,
        "train_score": 0.9935840969701117,
        "test_score": 0.993544708029197,
        "num_samples": 1417,
        "fit_time": 1456,
        "score_time": 507,
        "time": 1963,
        "parameters": {
            "max_depth": 6,
            "max_features": "sqrt",
            "min_samples_leaf": 1,
            "n_estimators": 100,
            "min_samples_split": 3
        },
        "done_at": 1769105777187,
        "split_id": 1
    },
    {
        "test_score_gib": 0.9952098540145985,
        "train_score": 0.9927680782009672,
        "test_score": 0.9952098540145985,
        "num_samples": 1417,
        "fit_time": 1486,
        "score_time": 581,
        "time": 2067,
        "parameters": {
            "max_depth": 6,
            "max_features": "sqrt",
            "min_samples_leaf": 1,
            "n_estimators": 100,
            "min_samples_split": 3
        },
        "done_at": 1769105777294,
        "split_id": 2
    },
    {
        "test_score_gib": 0.9926836222627737,
        "train_score": 0.9938164306982697,
        "test_score": 0.9926836222627737,
        "num_samples": 1417,
        "fit_time": 1463,
        "score_time": 674,
        "time": 2137,
        "parameters": {
            "max_depth": 6,
            "max_features": "sqrt",
            "min_samples_leaf": 1,
            "n_estimators": 100,
            "min_samples_split": 3
        },
        "done_at": 1769105777366,
        "split_id": 3
    },
    {
        "test_score_gib": 0.994987454379562,
        "train_score": 0.9945066614213407,
        "test_score": 0.994987454379562,
        "num_samples": 1417,
        "fit_time": 1280,
        "score_time": 660,
        "time": 1940,
        "parameters": {
            "max_depth": 6,
            "max_features": "sqrt",
            "min_samples_leaf": 1,
            "n_estimators": 100,
            "min_samples_split": 3
        },
        "done_at": 1769105779133,
        "split_id": 4
    },
    {
        "test_score_gib": 0.9988888698952119,
        "train_score": 0.9993488395301096,
        "test_score": 0.9988888698952119,
        "num_samples": 1418,
        "fit_time": 1411,
        "score_time": 742,
        "time": 2153,
        "parameters": {
            "max_depth": 13,
            "max_features": "sqrt",
            "min_samples_leaf": 1,
            "n_estimators": 100,
            "min_samples_split": 3
        },
        "done_at": 1769105779426,
        "split_id": 0
    },
    {
        "test_score_gib": 0.9989621350364964,
        "train_score": 0.9995617017091495,
        "test_score": 0.9989621350364964,
        "num_samples": 1417,
        "fit_time": 1396,
        "score_time": 793,
        "time": 2189,
        "parameters": {
            "max_depth": 13,
            "max_features": "sqrt",
            "min_samples_leaf": 1,
            "n_estimators": 100,
            "min_samples_split": 3
        },
        "done_at": 1769105779486,
        "split_id": 1
    },
    {
        "test_score_gib": 0.9986370894160583,
        "train_score": 0.9992791240305767,
        "test_score": 0.9986370894160583,
        "num_samples": 1417,
        "fit_time": 1313,
        "score_time": 670,
        "time": 1983,
        "parameters": {
            "max_depth": 13,
            "max_features": "sqrt",
            "min_samples_leaf": 1,
            "n_estimators": 100,
            "min_samples_split": 3
        },
        "done_at": 1769105779352,
        "split_id": 2
    },
    {
        "test_score_gib": 0.9977246806569344,
        "train_score": 0.9993532427659402,
        "test_score": 0.9977246806569344,
        "num_samples": 1417,
        "fit_time": 800,
        "score_time": 278,
        "time": 1078,
        "parameters": {
            "max_depth": 13,
            "max_features": "sqrt",
            "min_samples_leaf": 1,
            "n_estimators": 100,
            "min_samples_split": 3
        },
        "done_at": 1769105780238,
        "split_id": 3
    },
    {
        "test_score_gib": 0.9988651916058394,
        "train_score": 0.9996550628085015,
        "test_score": 0.9988651916058394,
        "num_samples": 1417,
        "fit_time": 712,
        "score_time": 191,
        "time": 903,
        "parameters": {
            "max_depth": 13,
            "max_features": "sqrt",
            "min_samples_leaf": 1,
            "n_estimators": 100,
            "min_samples_split": 3
        },
        "done_at": 1769105780263,
        "split_id": 4
    }
]