{
    "modelInputNRows": 7086,
    "modelInputNCols": 132,
    "modelInputIsSparse": true,
    "modelInputMemory": 708604,
    "usedGridSearch": true,
    "gridSize": 2,
    "gridBestScore": 0.9986156318878113,
    "gridCells": [
        {
            "params": {
                "max_depth": 6,
                "max_features": "sqrt",
                "min_samples_leaf": 1,
                "n_estimators": 100,
                "min_samples_split": 3
            },
            "score": 0.9934647916218191,
            "scoreStd": 0.001584974346503548,
            "fitTime": 1.4324000000000001,
            "fitTimeStd": 0.07691709822919739,
            "scoreTime": 0.5982000000000001,
            "scoreTimeStd": 0.06169408399514494
        },
        {
            "params": {
                "max_depth": 13,
                "max_features": "sqrt",
                "min_samples_leaf": 1,
                "n_estimators": 100,
                "min_samples_split": 3
            },
            "score": 0.9986156318878113,
            "scoreStd": 0.00045851114239864684,
            "fitTime": 1.1264,
            "fitTimeStd": 0.3055372972322692,
            "scoreTime": 0.5347999999999999,
            "scoreTimeStd": 0.2498090470739601
        }
    ],
    "rawImportance": {
        "variables": [
            "Source_IP_int",
            "Destination_IP_int",
            "Payload_Size",
            "dummy:Status:Success",
            "dummy:Status:Failure",
            "dummy:Request_Type:SMTP",
            "dummy:Request_Type:HTTP",
            "dummy:Request_Type:Telnet",
            "dummy:Request_Type:FTP",
            "dummy:Request_Type:DNS",
            "dummy:Request_Type:SSH",
            "dummy:Request_Type:HTTPS",
            "dummy:country_code_1:US",
            "dummy:country_code_1:CN",
            "dummy:country_code_1:JP",
            "dummy:country_code_1:DE",
            "dummy:country_code_1:KR",
            "dummy:country_code_1:GB",
            "dummy:country_code_1:BR",
            "dummy:country_code_1:CA",
            "dummy:country_code_1:FR",
            "dummy:country_code_1:AU",
            "dummy:country_code_1:IT",
            "dummy:country_code_1:NL",
            "dummy:country_code_1:IN",
            "dummy:country_code_1:RU",
            "dummy:country_code_1:TW",
            "dummy:country_code_1:ZA",
            "dummy:country_code_1:MX",
            "dummy:country_code_1:SE",
            "dummy:country_code_1:EG",
            "dummy:country_code_1:ES",
            "dummy:country_code_1:HK",
            "dummy:country_code_1:CH",
            "dummy:country_code_1:SG",
            "dummy:country_code_1:CO",
            "dummy:country_code_1:PL",
            "dummy:country_code_1:AR",
            "dummy:country_code_1:TR",
            "dummy:country_code_1:ID",
            "dummy:country_code_1:VN",
            "dummy:country_code_1:FI",
            "dummy:country_code_1:BE",
            "dummy:country_code_1:NO",
            "dummy:country_code_1:CL",
            "dummy:country_code_1:DK",
            "dummy:country_code_1:TH",
            "dummy:country_code_1:IL",
            "dummy:country_code_1:IE",
            "dummy:country_code_1:AT",
            "dummy:country_code_1:NZ",
            "dummy:country_code_1:TN",
            "dummy:country_code_1:MA",
            "dummy:country_code_1:SA",
            "dummy:country_code_1:CZ",
            "dummy:country_code_1:UA",
            "dummy:country_code_1:KE",
            "dummy:country_code_1:PK",
            "dummy:country_code_1:DZ",
            "dummy:country_code_1:MY",
            "dummy:country_code_1:MU",
            "dummy:country_code_1:AE",
            "dummy:country_code_1:IR",
            "dummy:country_code_1:GR",
            "dummy:country_code_1:EC",
            "dummy:country_code_1:PT",
            "dummy:country_code_1:VE",
            "dummy:country_code_1:BG",
            "dummy:country_code_1:PH",
            "dummy:country_code_1:RO",
            "dummy:country_code_1:HU",
            "dummy:country_code_1:CI",
            "dummy:country_code_1:UY",
            "dummy:country_code_1:GH",
            "dummy:country_code_1:CR",
            "dummy:country_code_1:SI",
            "dummy:country_code_1:PE",
            "dummy:country_code_1:NG",
            "dummy:country_code_1:HR",
            "dummy:country_code_1:BD",
            "dummy:country_code_1:RS",
            "dummy:country_code_1:DO",
            "dummy:country_code_1:SK",
            "dummy:country_code_1:LT",
            "dummy:country_code_1:KW",
            "dummy:country_code_1:GT",
            "dummy:country_code_1:GA",
            "dummy:country_code_1:UZ",
            "dummy:country_code_1:MK",
            "dummy:country_code_1:KG",
            "dummy:country_code_1:GM",
            "dummy:country_code_1:BA",
            "dummy:country_code_1:CU",
            "dummy:country_code_1:ET",
            "dummy:country_code_1:AM",
            "dummy:country_code_1:KZ",
            "dummy:country_code_1:QA",
            "dummy:country_code_1:TG",
            "dummy:country_code_1:__Others__",
            "dummy:User_Agent:nmap/7.80",
            "dummy:User_Agent:curl/7.68.0",
            "dummy:User_Agent:Wget/1.20.3",
            "dummy:User_Agent:Mozilla/5.0",
            "dummy:User_Agent:Nikto/2.1.6",
            "dummy:User_Agent:python-requests/2.25.1",
            "dummy:Protocol:ICMP",
            "dummy:Protocol:UDP",
            "dummy:Protocol:TCP"
        ],
        "importances": [
            0.26187945041302313,
            0.013267958914273936,
            0.14536552190370342,
            0.22905777222464227,
            0.30095742629533745,
            0.0012260551998300032,
            0.001724656178715457,
            0.001349263593891209,
            0.0011761775227141019,
            0.0015349784282403444,
            0.0013780665646173232,
            0.0015169192033052561,
            0.001381610981273704,
            0.0009199442236080664,
            0.0015483642440589304,
            0.0006884121062467081,
            0.0005662606559757697,
            0.0006047921410581382,
            0.0005840047520265777,
            0.0007923928160838268,
            0.0005882314338821356,
            0.00041468724712806796,
            0.0003921950097548377,
            0.00027970021693882755,
            0.0005512951393338877,
            0.0009517680994783651,
            0.00022439068299715488,
            0.0004252532868411548,
            0.000513599429595736,
            0.0005623237853514284,
            0.00068374168457989,
            0.00020050363792411968,
            0.0006187590052875673,
            0.0001527762765132119,
            0.0002496015649338956,
            0.0004812178584890029,
            0.0005220506147180287,
            0.00038512329061684175,
            0.00036147880295795244,
            0.0002553271359170679,
            0.0004158468967767141,
            0.00034277363686736797,
            0.0004657764809944298,
            0.00027189290331143274,
            5.8726462082917434e-05,
            8.794990985912421e-05,
            0.00010209696841806759,
            0.0002135352583764267,
            0.00024677950857294177,
            0.0001723028386908849,
            0.00011474266179264928,
            0.000359551172162263,
            0.00012959583214575517,
            0.0007791293673016866,
            0.00019908152850742382,
            1.9511522648720428e-05,
            0.00010822750754514386,
            3.432171082882857e-05,
            8.617553621851148e-05,
            0.0006577460050963264,
            0.00012147611641641496,
            5.9366331307418024e-05,
            0.0001013468477520967,
            3.828300188809428e-05,
            7.2192486152613005e-06,
            2.0051582790542443e-05,
            0.0001233925076679427,
            0.0010984680996551797,
            0.0009567815004718742,
            8.737043313351579e-05,
            6.310576264205877e-05,
            2.6165811336066664e-05,
            2.0841564748272648e-05,
            5.223169853113139e-05,
            8.104529247191976e-05,
            0.0001983911781705074,
            0.0004376738184207068,
            0.00010038094820497135,
            5.72440741695172e-06,
            0.00010387339228771181,
            7.719094505468763e-05,
            3.86999133687554e-06,
            8.919741220905097e-20,
            2.0907370393029e-05,
            8.697031169443067e-07,
            1.0956710014853358e-06,
            0.00012900537206545152,
            0.0003853474351778528,
            3.485970708245725e-07,
            6.834371612556847e-18,
            7.041870920115846e-09,
            0.00041352283671329955,
            0.0003268886529548401,
            2.2820418760031085e-05,
            1.2040464207288531e-17,
            1.2505017979815675e-07,
            6.51712758830208e-05,
            1.6993904020283269e-09,
            0.0004605775092147168,
            0.0013301186997074143,
            0.0018365778550451025,
            0.00136009588240526,
            0.001185593279207372,
            0.0011351958411335123,
            0.001504374723017178,
            0.0016184052385499587,
            0.0016911560726979877,
            0.001527727020061016
        ]
    },
    "probaAware": true
}