{
    "metrics": {},
    "processed_feature_names": [
        "Source_IP_int",
        "Destination_IP_int",
        "Payload_Size",
        "dummy:Status:Success",
        "dummy:Status:Failure",
        "dummy:Status:N/A",
        "dummy:Status:__Others__",
        "dummy:Request_Type:SMTP",
        "dummy:Request_Type:HTTP",
        "dummy:Request_Type:Telnet",
        "dummy:Request_Type:FTP",
        "dummy:Request_Type:DNS",
        "dummy:Request_Type:SSH",
        "dummy:Request_Type:HTTPS",
        "dummy:Request_Type:N/A",
        "dummy:Request_Type:__Others__",
        "dummy:country_code_1:US",
        "dummy:country_code_1:CN",
        "dummy:country_code_1:JP",
        "dummy:country_code_1:DE",
        "dummy:country_code_1:KR",
        "dummy:country_code_1:GB",
        "dummy:country_code_1:BR",
        "dummy:country_code_1:CA",
        "dummy:country_code_1:FR",
        "dummy:country_code_1:AU",
        "dummy:country_code_1:IT",
        "dummy:country_code_1:NL",
        "dummy:country_code_1:IN",
        "dummy:country_code_1:RU",
        "dummy:country_code_1:TW",
        "dummy:country_code_1:ZA",
        "dummy:country_code_1:MX",
        "dummy:country_code_1:SE",
        "dummy:country_code_1:EG",
        "dummy:country_code_1:ES",
        "dummy:country_code_1:HK",
        "dummy:country_code_1:CH",
        "dummy:country_code_1:SG",
        "dummy:country_code_1:CO",
        "dummy:country_code_1:PL",
        "dummy:country_code_1:AR",
        "dummy:country_code_1:TR",
        "dummy:country_code_1:ID",
        "dummy:country_code_1:VN",
        "dummy:country_code_1:FI",
        "dummy:country_code_1:BE",
        "dummy:country_code_1:NO",
        "dummy:country_code_1:CL",
        "dummy:country_code_1:DK",
        "dummy:country_code_1:TH",
        "dummy:country_code_1:IL",
        "dummy:country_code_1:IE",
        "dummy:country_code_1:AT",
        "dummy:country_code_1:NZ",
        "dummy:country_code_1:TN",
        "dummy:country_code_1:MA",
        "dummy:country_code_1:SA",
        "dummy:country_code_1:CZ",
        "dummy:country_code_1:UA",
        "dummy:country_code_1:KE",
        "dummy:country_code_1:PK",
        "dummy:country_code_1:DZ",
        "dummy:country_code_1:MY",
        "dummy:country_code_1:MU",
        "dummy:country_code_1:AE",
        "dummy:country_code_1:IR",
        "dummy:country_code_1:GR",
        "dummy:country_code_1:EC",
        "dummy:country_code_1:PT",
        "dummy:country_code_1:VE",
        "dummy:country_code_1:BG",
        "dummy:country_code_1:PH",
        "dummy:country_code_1:RO",
        "dummy:country_code_1:HU",
        "dummy:country_code_1:CI",
        "dummy:country_code_1:UY",
        "dummy:country_code_1:GH",
        "dummy:country_code_1:CR",
        "dummy:country_code_1:SI",
        "dummy:country_code_1:PE",
        "dummy:country_code_1:NG",
        "dummy:country_code_1:HR",
        "dummy:country_code_1:BD",
        "dummy:country_code_1:RS",
        "dummy:country_code_1:LV",
        "dummy:country_code_1:PA",
        "dummy:country_code_1:EE",
        "dummy:country_code_1:AO",
        "dummy:country_code_1:DO",
        "dummy:country_code_1:SK",
        "dummy:country_code_1:LT",
        "dummy:country_code_1:SD",
        "dummy:country_code_1:LB",
        "dummy:country_code_1:KW",
        "dummy:country_code_1:LU",
        "dummy:country_code_1:GI",
        "dummy:country_code_1:GT",
        "dummy:country_code_1:GA",
        "dummy:country_code_1:UZ",
        "dummy:country_code_1:MK",
        "dummy:country_code_1:KG",
        "dummy:country_code_1:PS",
        "dummy:country_code_1:MT",
        "dummy:country_code_1:GM",
        "dummy:country_code_1:BA",
        "dummy:country_code_1:BB",
        "dummy:country_code_1:CU",
        "dummy:country_code_1:CY",
        "dummy:country_code_1:ET",
        "dummy:country_code_1:AM",
        "dummy:country_code_1:LK",
        "dummy:country_code_1:KZ",
        "dummy:country_code_1:QA",
        "dummy:country_code_1:SV",
        "dummy:country_code_1:TG",
        "dummy:country_code_1:TZ",
        "dummy:country_code_1:N/A",
        "dummy:country_code_1:__Others__",
        "dummy:User_Agent:nmap/7.80",
        "dummy:User_Agent:curl/7.68.0",
        "dummy:User_Agent:Wget/1.20.3",
        "dummy:User_Agent:Mozilla/5.0",
        "dummy:User_Agent:Nikto/2.1.6",
        "dummy:User_Agent:python-requests/2.25.1",
        "dummy:User_Agent:N/A",
        "dummy:User_Agent:__Others__",
        "dummy:Protocol:ICMP",
        "dummy:Protocol:UDP",
        "dummy:Protocol:TCP",
        "dummy:Protocol:N/A",
        "dummy:Protocol:__Others__"
    ],
    "optimalThreshold": 0.625,
    "usedThreshold": 0.625,
    "perCutData": {
        "cut": [
            0.0,
            0.025,
            0.05,
            0.075,
            0.1,
            0.125,
            0.15,
            0.175,
            0.2,
            0.225,
            0.25,
            0.275,
            0.3,
            0.325,
            0.35,
            0.375,
            0.4,
            0.425,
            0.45,
            0.475,
            0.5,
            0.525,
            0.55,
            0.575,
            0.6,
            0.625,
            0.65,
            0.675,
            0.7,
            0.725,
            0.75,
            0.775,
            0.8,
            0.825,
            0.85,
            0.875,
            0.9,
            0.925,
            0.95,
            0.975
        ],
        "tp": [
            161,
            161,
            161,
            161,
            161,
            161,
            161,
            161,
            161,
            161,
            160,
            159,
            158,
            158,
            157,
            157,
            157,
            157,
            157,
            157,
            157,
            156,
            156,
            156,
            156,
            154,
            149,
            146,
            144,
            144,
            143,
            140,
            130,
            127,
            115,
            106,
            92,
            71,
            44,
            13
        ],
        "tn": [
            0,
            9,
            689,
            1427,
            1504,
            1512,
            1514,
            1516,
            1516,
            1516,
            1516,
            1516,
            1516,
            1516,
            1516,
            1518,
            1519,
            1520,
            1523,
            1529,
            1535,
            1551,
            1570,
            1588,
            1596,
            1599,
            1599,
            1599,
            1599,
            1599,
            1599,
            1599,
            1599,
            1599,
            1599,
            1599,
            1599,
            1599,
            1599,
            1599
        ],
        "fp": [
            1599,
            1590,
            910,
            172,
            95,
            87,
            85,
            83,
            83,
            83,
            83,
            83,
            83,
            83,
            83,
            81,
            80,
            79,
            76,
            70,
            64,
            48,
            29,
            11,
            3,
            0,
            0,
            0,
            0,
            0,
            0,
            0,
            0,
            0,
            0,
            0,
            0,
            0,
            0,
            0
        ],
        "fn": [
            0,
            0,
            0,
            0,
            0,
            0,
            0,
            0,
            0,
            0,
            1,
            2,
            3,
            3,
            4,
            4,
            4,
            4,
            4,
            4,
            4,
            5,
            5,
            5,
            5,
            7,
            12,
            15,
            17,
            17,
            18,
            21,
            31,
            34,
            46,
            55,
            69,
            90,
            117,
            148
        ],
        "precision": [
            0.09147727272727273,
            0.09194745859508852,
            0.1503267973856209,
            0.48348348348348347,
            0.62890625,
            0.6491935483870968,
            0.6544715447154471,
            0.6598360655737705,
            0.6598360655737705,
            0.6598360655737705,
            0.6584362139917695,
            0.6570247933884298,
            0.6556016597510373,
            0.6556016597510373,
            0.6541666666666667,
            0.6596638655462185,
            0.6624472573839663,
            0.6652542372881356,
            0.6738197424892703,
            0.6916299559471366,
            0.7104072398190046,
            0.7647058823529411,
            0.8432432432432433,
            0.9341317365269461,
            0.9811320754716981,
            1.0,
            1.0,
            1.0,
            1.0,
            1.0,
            1.0,
            1.0,
            1.0,
            1.0,
            1.0,
            1.0,
            1.0,
            1.0,
            1.0,
            1.0
        ],
        "recall": [
            1.0,
            1.0,
            1.0,
            1.0,
            1.0,
            1.0,
            1.0,
            1.0,
            1.0,
            1.0,
            0.9937888198757764,
            0.9875776397515528,
            0.9813664596273292,
            0.9813664596273292,
            0.9751552795031055,
            0.9751552795031055,
            0.9751552795031055,
            0.9751552795031055,
            0.9751552795031055,
            0.9751552795031055,
            0.9751552795031055,
            0.968944099378882,
            0.968944099378882,
            0.968944099378882,
            0.968944099378882,
            0.9565217391304348,
            0.9254658385093167,
            0.906832298136646,
            0.8944099378881988,
            0.8944099378881988,
            0.8881987577639752,
            0.8695652173913043,
            0.8074534161490683,
            0.7888198757763976,
            0.7142857142857143,
            0.6583850931677019,
            0.5714285714285714,
            0.4409937888198758,
            0.2732919254658385,
            0.08074534161490683
        ],
        "accuracy": [
            0.09147727272727273,
            0.09659090909090909,
            0.48295454545454547,
            0.9022727272727272,
            0.9460227272727273,
            0.9505681818181818,
            0.9517045454545454,
            0.9528409090909091,
            0.9528409090909091,
            0.9528409090909091,
            0.9522727272727273,
            0.9517045454545454,
            0.9511363636363637,
            0.9511363636363637,
            0.9505681818181818,
            0.9517045454545454,
            0.9522727272727273,
            0.9528409090909091,
            0.9545454545454546,
            0.9579545454545455,
            0.9613636363636363,
            0.9698863636363636,
            0.9806818181818182,
            0.990909090909091,
            0.9954545454545455,
            0.9960227272727272,
            0.9931818181818182,
            0.9914772727272727,
            0.9903409090909091,
            0.9903409090909091,
            0.9897727272727272,
            0.9880681818181818,
            0.9823863636363637,
            0.9806818181818182,
            0.9738636363636364,
            0.96875,
            0.9607954545454546,
            0.9488636363636364,
            0.9335227272727272,
            0.9159090909090909
        ],
        "f1": [
            0.16762103071317022,
            0.16841004184100417,
            0.26136363636363635,
            0.6518218623481781,
            0.7721822541966427,
            0.7872860635696821,
            0.7911547911547911,
            0.7950617283950617,
            0.7950617283950617,
            0.7950617283950617,
            0.7920792079207921,
            0.7890818858560794,
            0.7860696517412935,
            0.7860696517412935,
            0.7830423940149626,
            0.7869674185463659,
            0.7889447236180903,
            0.7909319899244333,
            0.7969543147208121,
            0.8092783505154639,
            0.8219895287958114,
            0.8547945205479451,
            0.9017341040462428,
            0.951219512195122,
            0.975,
            0.9777777777777777,
            0.9612903225806452,
            0.9511400651465798,
            0.9442622950819672,
            0.9442622950819672,
            0.9407894736842105,
            0.9302325581395349,
            0.8934707903780068,
            0.8819444444444444,
            0.8333333333333333,
            0.7940074906367041,
            0.7272727272727273,
            0.6120689655172413,
            0.4292682926829268,
            0.14942528735632182
        ],
        "mcc": [
            0.0,
            0.02274923975742565,
            0.25450925616783554,
            0.6568687118802633,
            0.7691174087828256,
            0.7834995679379191,
            0.7871981960166539,
            0.7909397342216593,
            0.7909397342216593,
            0.7909397342216593,
            0.7871136665994879,
            0.783278846388198,
            0.7794351854166758,
            0.7794351854166758,
            0.7755825943738242,
            0.7793770837177469,
            0.781291316866889,
            0.783217034489663,
            0.7890643164877008,
            0.8010859248635007,
            0.8135679575860078,
            0.8455676297764705,
            0.8937246698018758,
            0.9464013940061701,
            0.9725230909693431,
            0.9758855418684477,
            0.9584217434002993,
            0.9478420167276873,
            0.94074487638918,
            0.94074487638918,
            0.9371827853073462,
            0.9264410805250272,
            0.8899982809738552,
            0.8788607352113181,
            0.8332537232200619,
            0.797804485802505,
            0.7401285963650139,
            0.64613853614228,
            0.5046368843962633,
            0.27185449452741156
        ],
        "hammingLoss": [
            0.9085227272727273,
            0.9034090909090909,
            0.5170454545454546,
            0.09772727272727277,
            0.05397727272727271,
            0.04943181818181819,
            0.048295454545454586,
            0.04715909090909087,
            0.04715909090909087,
            0.04715909090909087,
            0.04772727272727273,
            0.048295454545454586,
            0.04886363636363633,
            0.04886363636363633,
            0.04943181818181819,
            0.048295454545454586,
            0.04772727272727273,
            0.04715909090909087,
            0.045454545454545414,
            0.0420454545454545,
            0.03863636363636369,
            0.030113636363636398,
            0.01931818181818179,
            0.009090909090909038,
            0.004545454545454519,
            0.003977272727272774,
            0.006818181818181834,
            0.008522727272727293,
            0.009659090909090895,
            0.009659090909090895,
            0.010227272727272751,
            0.01193181818181821,
            0.01761363636363633,
            0.01931818181818179,
            0.026136363636363624,
            0.03125,
            0.039204545454545436,
            0.051136363636363646,
            0.06647727272727277,
            0.0840909090909091
        ],
        "assertionsMetrics": [],
        "overridesMetrics": []
    },
    "tiMetrics": {
        "auc": 0.9984423494497726,
        "logLoss": 0.09670981397952409,
        "lift": 2.5,
        "averagePrecision": 0.9894824834164033,
        "calibrationLoss": 0.07869142977161946
    },
    "probaPercentiles": [
        0.027633043882758238,
        0.02981740026620257,
        0.03153875270703645,
        0.032483065285026695,
        0.03326176749712936,
        0.034042645698903855,
        0.03477592172662199,
        0.03565957417077243,
        0.03638264794287581,
        0.0371850495724348,
        0.037794926908746605,
        0.038631987520616765,
        0.039194780205647144,
        0.03960895536478439,
        0.040267016469319274,
        0.04066473378878737,
        0.041132201855761594,
        0.041493307165006516,
        0.041903656957206444,
        0.042318208581378025,
        0.042741311621190776,
        0.0430337502075404,
        0.04351362088195363,
        0.044039344242557205,
        0.04446347341374324,
        0.04489157393427233,
        0.04525575845950251,
        0.04561447864672794,
        0.04594605760471898,
        0.04649001728327403,
        0.04699137650283449,
        0.04744824312309657,
        0.04786535700908426,
        0.048205466273746944,
        0.048491163062242285,
        0.04884067261043688,
        0.04917165710683635,
        0.04953472949411885,
        0.049948957092483745,
        0.050327431111751635,
        0.05076246783726686,
        0.05104128184973438,
        0.051531995126754125,
        0.05187280571247593,
        0.05229542985961604,
        0.05261023172440246,
        0.0528814449197901,
        0.05320354737353954,
        0.05358592479743357,
        0.05395841172984542,
        0.05435154651022857,
        0.05458153408954525,
        0.05506042956592059,
        0.05556943682591834,
        0.05594078599516407,
        0.05627325787130356,
        0.056709542539130624,
        0.05721053222194348,
        0.057508461582335864,
        0.05801770496108585,
        0.05846654632806348,
        0.05904528563589761,
        0.05949700704297124,
        0.060055232521280685,
        0.06056181081403129,
        0.06095214526223204,
        0.06144951584105161,
        0.06212775404851557,
        0.06251531261509434,
        0.06314021173833724,
        0.06408498247892919,
        0.06482015324305207,
        0.06555535212970325,
        0.06608624947808411,
        0.06686060678342029,
        0.0676255186769532,
        0.06866881742656396,
        0.07022026777063474,
        0.07174287405353551,
        0.07334138402739983,
        0.07482189588787988,
        0.07741841581686884,
        0.08258276142809957,
        0.08500734338630848,
        0.0931898811325151,
        0.130800901378417,
        0.4686348032214763,
        0.5121421189785582,
        0.5423199333336439,
        0.5601492247947409,
        0.6013227185174037,
        0.764525517143825,
        0.8339985802326307,
        0.8722181646688774,
        0.9048006337295127,
        0.9249012777857324,
        0.9424206104091553,
        0.9542445067425968,
        0.9718464328532843
    ],
    "rocVizData": [
        [
            {
                "x": 0.0,
                "y": 0.0,
                "p": 1.994826657551211
            },
            {
                "x": 0.0,
                "y": 0.9565217391304348,
                "p": 0.6324284723692081
            },
            {
                "x": 0.039399624765478425,
                "y": 0.968944099378882,
                "p": 0.5051360650271826
            },
            {
                "x": 0.10068792995622264,
                "y": 1.0,
                "p": 0.07706434206015217
            },
            {
                "x": 0.18574108818011256,
                "y": 1.0,
                "p": 0.06609238225231645
            },
            {
                "x": 0.2407754846779237,
                "y": 1.0,
                "p": 0.06251538074212036
            },
            {
                "x": 0.3008130081300813,
                "y": 1.0,
                "p": 0.05991351525165517
            },
            {
                "x": 0.3602251407129456,
                "y": 1.0,
                "p": 0.05727990499966414
            },
            {
                "x": 0.4333958724202627,
                "y": 1.0,
                "p": 0.05449689826606712
            },
            {
                "x": 0.5203252032520326,
                "y": 1.0,
                "p": 0.05175397835611448
            },
            {
                "x": 0.5847404627892433,
                "y": 1.0,
                "p": 0.0494836194714117
            },
            {
                "x": 0.642901813633521,
                "y": 1.0,
                "p": 0.04768237378326326
            },
            {
                "x": 0.7154471544715447,
                "y": 1.0,
                "p": 0.044859335278635906
            },
            {
                "x": 0.7848655409631019,
                "y": 1.0,
                "p": 0.042067971400344406
            },
            {
                "x": 0.8380237648530331,
                "y": 1.0,
                "p": 0.04004287047608449
            },
            {
                "x": 0.9399624765478424,
                "y": 1.0,
                "p": 0.03382235723055729
            },
            {
                "x": 1.0,
                "y": 1.0,
                "p": 0.018277612159822133
            }
        ]
    ],
    "liftVizData": {
        "bins": [
            {
                "bin_pos_prop": 0.8863636364,
                "bin_lift": 9.6894409938,
                "cum_lift": 0.9689440994,
                "cum_size": 0.1,
                "bin_min": 0.5601492248,
                "bin_max": 0.9948266576,
                "percentile_idx": 0
            },
            {
                "bin_pos_prop": 0.0284090909,
                "bin_lift": 0.3105590062,
                "cum_lift": 1.0,
                "cum_size": 0.2,
                "bin_min": 0.073341384,
                "bin_max": 0.5601492248,
                "percentile_idx": 1
            },
            {
                "bin_pos_prop": 0.0,
                "bin_lift": 0.0,
                "cum_lift": 1.0,
                "cum_size": 0.3,
                "bin_min": 0.0631402117,
                "bin_max": 0.073341384,
                "percentile_idx": 2
            },
            {
                "bin_pos_prop": 0.0,
                "bin_lift": 0.0,
                "cum_lift": 1.0,
                "cum_size": 0.4,
                "bin_min": 0.058017705,
                "bin_max": 0.0631402117,
                "percentile_idx": 3
            },
            {
                "bin_pos_prop": 0.0,
                "bin_lift": 0.0,
                "cum_lift": 1.0,
                "cum_size": 0.5,
                "bin_min": 0.0539584117,
                "bin_max": 0.058017705,
                "percentile_idx": 4
            },
            {
                "bin_pos_prop": 0.0,
                "bin_lift": 0.0,
                "cum_lift": 1.0,
                "cum_size": 0.6,
                "bin_min": 0.0503274311,
                "bin_max": 0.0539584117,
                "percentile_idx": 5
            },
            {
                "bin_pos_prop": 0.0,
                "bin_lift": 0.0,
                "cum_lift": 1.0,
                "cum_size": 0.7,
                "bin_min": 0.0464900173,
                "bin_max": 0.0503274311,
                "percentile_idx": 6
            },
            {
                "bin_pos_prop": 0.0,
                "bin_lift": 0.0,
                "cum_lift": 1.0,
                "cum_size": 0.8,
                "bin_min": 0.0423182086,
                "bin_max": 0.0464900173,
                "percentile_idx": 7
            },
            {
                "bin_pos_prop": 0.0,
                "bin_lift": 0.0,
                "cum_lift": 1.0,
                "cum_size": 0.9,
                "bin_min": 0.0371850496,
                "bin_max": 0.0423182086,
                "percentile_idx": 8
            },
            {
                "bin_pos_prop": 0.0,
                "bin_lift": 0.0,
                "cum_lift": 1.0,
                "cum_size": 1.0,
                "bin_min": 0.0182776122,
                "bin_max": 0.0371850496,
                "percentile_idx": 9
            }
        ],
        "wizard": {
            "positives": 161,
            "total": 1760
        }
    },
    "prVizData": [
        {
            "bins": [
                {
                    "x": 1.0,
                    "y": 0.09147727272727273,
                    "p": 0.018277612159822133
                },
                {
                    "x": 1.0,
                    "y": 0.14160070360598065,
                    "p": 0.04869333349620072
                },
                {
                    "x": 1.0,
                    "y": 0.19166666666666668,
                    "p": 0.05479226530928041
                },
                {
                    "x": 1.0,
                    "y": 0.24174174174174173,
                    "p": 0.059090166076900916
                },
                {
                    "x": 1.0,
                    "y": 0.29219600725952816,
                    "p": 0.06245721122958254
                },
                {
                    "x": 1.0,
                    "y": 0.3425531914893617,
                    "p": 0.06573633316717266
                },
                {
                    "x": 1.0,
                    "y": 0.3926829268292683,
                    "p": 0.06841876523854669
                },
                {
                    "x": 1.0,
                    "y": 0.44352617079889806,
                    "p": 0.07252180076036717
                },
                {
                    "x": 1.0,
                    "y": 0.4938650306748466,
                    "p": 0.07649629908308146
                },
                {
                    "x": 1.0,
                    "y": 0.543918918918919,
                    "p": 0.08308325868254038
                },
                {
                    "x": 1.0,
                    "y": 0.5940959409594095,
                    "p": 0.09055779161259501
                },
                {
                    "x": 1.0,
                    "y": 0.6465863453815262,
                    "p": 0.12328467414581785
                },
                {
                    "x": 0.9751552795031055,
                    "y": 0.6680851063829787,
                    "p": 0.431826424172499
                },
                {
                    "x": 0.968944099378882,
                    "y": 0.7123287671232876,
                    "p": 0.5051360650271826
                },
                {
                    "x": 0.968944099378882,
                    "y": 0.7647058823529411,
                    "p": 0.5260960172798922
                },
                {
                    "x": 0.968944099378882,
                    "y": 0.8167539267015707,
                    "p": 0.544935119746052
                },
                {
                    "x": 0.968944099378882,
                    "y": 0.8715083798882681,
                    "p": 0.55836601642162
                },
                {
                    "x": 0.968944099378882,
                    "y": 0.9230769230769231,
                    "p": 0.572257391486299
                },
                {
                    "x": 0.968944099378882,
                    "y": 0.975,
                    "p": 0.597433832319204
                },
                {
                    "x": 0.9440993788819876,
                    "y": 1.0,
                    "p": 0.6406140503134591
                },
                {
                    "x": 0.8881987577639752,
                    "y": 1.0,
                    "p": 0.7620355674344717
                },
                {
                    "x": 0.8322981366459627,
                    "y": 1.0,
                    "p": 0.7915179667785073
                },
                {
                    "x": 0.7763975155279503,
                    "y": 1.0,
                    "p": 0.8322855230591497
                },
                {
                    "x": 0.7204968944099379,
                    "y": 1.0,
                    "p": 0.8488130900216575
                },
                {
                    "x": 0.6645962732919255,
                    "y": 1.0,
                    "p": 0.8656976136170982
                },
                {
                    "x": 0.6086956521739131,
                    "y": 1.0,
                    "p": 0.8944918955843484
                },
                {
                    "x": 0.5527950310559007,
                    "y": 1.0,
                    "p": 0.9047431047265819
                },
                {
                    "x": 0.4968944099378882,
                    "y": 1.0,
                    "p": 0.916816965507575
                },
                {
                    "x": 0.4409937888198758,
                    "y": 1.0,
                    "p": 0.9255531957794636
                },
                {
                    "x": 0.38509316770186336,
                    "y": 1.0,
                    "p": 0.9356826390909319
                },
                {
                    "x": 0.32919254658385094,
                    "y": 1.0,
                    "p": 0.9434909523186171
                },
                {
                    "x": 0.2732919254658385,
                    "y": 1.0,
                    "p": 0.9500192160304508
                },
                {
                    "x": 0.21739130434782608,
                    "y": 1.0,
                    "p": 0.9568296895339694
                },
                {
                    "x": 0.16149068322981366,
                    "y": 1.0,
                    "p": 0.9679807896874363
                },
                {
                    "x": 0.10559006211180125,
                    "y": 1.0,
                    "p": 0.9729179351098847
                },
                {
                    "x": 0.049689440993788817,
                    "y": 1.0,
                    "p": 0.9811029236670378
                },
                {
                    "x": 0.006211180124223602,
                    "y": 1.0,
                    "p": 0.994826657551211
                }
            ],
            "positiveRate": 0.09147727272727273
        }
    ],
    "densityData": {
        "0": {
            "actualIsThisClass": [
                2.1902409559271584e-48,
                5.83414067496955e-46,
                1.334942054844619e-43,
                2.623987848976679e-41,
                4.4308793164929935e-39,
                6.427811529471938e-37,
                8.011238442180286e-35,
                8.578664452211816e-33,
                7.893063707304626e-31,
                6.240254683474786e-29,
                4.239527270128611e-27,
                2.4752648294317123e-25,
                1.2420788707414478e-23,
                5.357200892979908e-22,
                1.9862332551172914e-20,
                6.331014013925443e-19,
                1.7350805616827473e-17,
                4.0891047409562854e-16,
                8.288293316428913e-15,
                1.4451227663257542e-13,
                2.1678619504804178e-12,
                2.798611019195096e-11,
                3.109924529913251e-10,
                2.975680959576956e-09,
                2.4525215687288015e-08,
                1.7419255383928175e-07,
                1.0668291797318023e-06,
                5.638376396410792e-06,
                2.5744577954370715e-05,
                0.00010171268485535609,
                0.0003485199221222411,
                0.0010393025300351414,
                0.002711181411629986,
                0.006234207826723022,
                0.012773523563986531,
                0.023659226571689205,
                0.04029936473048615,
                0.06422071814295331,
                0.09702669892127112,
                0.13986716728292622,
                0.19233484239145443,
                0.2513345477566016,
                0.31074506622801634,
                0.36237405457967115,
                0.398120064272531,
                0.4125985031049802,
                0.4049369340737072,
                0.37867590997449635,
                0.33997992148663797,
                0.29546056875819526,
                0.2506435518356693,
                0.20919241335586858,
                0.17276779693822256,
                0.1415626469868203,
                0.11519517582958956,
                0.0932573330137382,
                0.07530533453409764,
                0.06080754970752175,
                0.04938626329423578,
                0.0409771085572102,
                0.0354980812246056,
                0.032308325542350344,
                0.030097664947943872,
                0.0274148356625862,
                0.02340996790467184,
                0.018206644302976,
                0.012669579443436874,
                0.007802587108050356,
                0.004222122498722048,
                0.0019972536662400545,
                0.000822906480320491,
                0.00029499698089984486,
                9.462268964600101e-05,
                3.9776077603630146e-05,
                6.547439163796181e-05,
                0.00020311912902357506,
                0.0005916178495730471,
                0.0015071409704538363,
                0.003362982813624562,
                0.006639747828725389,
                0.011813479643469174,
                0.01955968428581459,
                0.031744763097691996,
                0.053952665384911204,
                0.10069619713679968,
                0.2049397804862774,
                0.43272208205569307,
                0.8984882121255382,
                1.7653916142179442,
                3.2035839187021495,
                5.287379841142511,
                7.857818825219566,
                10.444043858568987,
                12.355983880911417,
                12.967096287742075,
                12.040814777530075,
                9.87298337295745,
                7.136771099492079,
                4.541382894267448,
                2.540587745725515
            ],
            "actualIsNotThisClass": [
                2.7170449977260156,
                3.1680398381027417,
                3.5914790851316227,
                3.9625282621182274,
                4.259618660542492,
                4.4670061526009075,
                4.576501100681438,
                4.588081186290984,
                4.509327931915859,
                4.353858681211854,
                4.139102791730214,
                3.883856696050134,
                3.6060375517097816,
                3.3209564477545968,
                3.040285215481013,
                2.7717376806968215,
                2.519362223274099,
                2.2842679936548316,
                2.065584151334454,
                1.861467681705505,
                1.670012125215432,
                1.4899509364810544,
                1.3210873507217078,
                1.1644180265621673,
                1.0219546503940327,
                0.8962883874627483,
                0.7899830724582247,
                0.7049155437977073,
                0.641695311521353,
                0.5992840736479886,
                0.5748985081862453,
                0.5642244168553352,
                0.5619086520205337,
                0.5622406458385132,
                0.5598992032189394,
                0.5506297156307987,
                0.5317337948708037,
                0.5022934103756694,
                0.46310581006059126,
                0.4163616147224866,
                0.3651441727289237,
                0.31285426360494234,
                0.26266664432922415,
                0.217105846191461,
                0.17779492503347247,
                0.14539170296615134,
                0.11969119790780083,
                0.09984688626425679,
                0.08465049823196717,
                0.07281045457611461,
                0.06318059599560104,
                0.054909597236380066,
                0.04750258187898541,
                0.040805197829347606,
                0.03493307575295172,
                0.030174383988483208,
                0.026890602113097663,
                0.02543307148211866,
                0.026083670802058583,
                0.02902008688716111,
                0.03430125984705298,
                0.041866733428228,
                0.0515437816570333,
                0.06305707830768399,
                0.07603672789587076,
                0.09002195523998514,
                0.10446031455941764,
                0.11870610805421745,
                0.1320258331142349,
                0.143620871377506,
                0.152676114752804,
                0.15843682729309347,
                0.16030600763093336,
                0.15794424099658586,
                0.1513478145777613,
                0.14088199665301676,
                0.12725546413827274,
                0.11143635504611527,
                0.09452554572714586,
                0.07761344433215463,
                0.06164951750634294,
                0.04734850416155906,
                0.03514620722034883,
                0.0252048938334542,
                0.01745764299379839,
                0.011675027672891036,
                0.007536897508664356,
                0.004695601664443446,
                0.002822695469711025,
                0.0016369226843465348,
                0.000915602054845332,
                0.0004938873696770135,
                0.00025687640438517976,
                0.00012880485553518268,
                6.225759275321153e-05,
                2.900336319916913e-05,
                1.3021098006156492e-05,
                5.633010774230582e-06,
                2.347907285200588e-06,
                9.428126124567619e-07
            ],
            "actualIsThisClassMedian": 0.9475595301888,
            "actualIsNotThisClassMedian": 0.08491130548224506
        },
        "1": {
            "actualIsThisClass": [
                9.428126124567485e-07,
                2.3479072852005673e-06,
                5.633010774230562e-06,
                1.3021098006156377e-05,
                2.9003363199168975e-05,
                6.225759275321142e-05,
                0.000128804855535182,
                0.00025687640438517976,
                0.0004938873696770114,
                0.0009156020548453304,
                0.0016369226843465376,
                0.00282269546971102,
                0.004695601664443455,
                0.007536897508664343,
                0.011675027672891046,
                0.01745764299379834,
                0.02520489383345421,
                0.035146207220348905,
                0.04734850416155904,
                0.06164951750634302,
                0.07761344433215463,
                0.09452554572714594,
                0.11143635504611527,
                0.12725546413827274,
                0.1408819966530169,
                0.1513478145777613,
                0.157944240996586,
                0.16030600763093328,
                0.15843682729309347,
                0.152676114752804,
                0.14362087137750615,
                0.1320258331142348,
                0.11870610805421745,
                0.1044603145594175,
                0.09002195523998514,
                0.07603672789587067,
                0.06305707830768396,
                0.0515437816570333,
                0.041866733428227956,
                0.03430125984705299,
                0.0290200868871611,
                0.026083670802058583,
                0.02543307148211867,
                0.026890602113097687,
                0.03017438398848322,
                0.0349330757529518,
                0.04080519782934762,
                0.04750258187898549,
                0.05490959723638019,
                0.0631805959956011,
                0.07281045457611464,
                0.08465049823196721,
                0.09984688626425679,
                0.11969119790780072,
                0.14539170296615134,
                0.1777949250334724,
                0.2171058461914614,
                0.26266664432922426,
                0.3128542636049426,
                0.3651441727289237,
                0.41636161472248623,
                0.46310581006059126,
                0.5022934103756694,
                0.5317337948708052,
                0.5506297156307977,
                0.5598992032189399,
                0.5622406458385137,
                0.5619086520205337,
                0.5642244168553342,
                0.5748985081862448,
                0.5992840736479909,
                0.6416953115213524,
                0.7049155437977073,
                0.7899830724582262,
                0.8962883874627466,
                1.0219546503940327,
                1.1644180265621673,
                1.321087350721709,
                1.4899509364810544,
                1.670012125215438,
                1.8614676817055065,
                2.065584151334449,
                2.2842679936548316,
                2.519362223274106,
                2.7717376806968166,
                3.040285215481013,
                3.320956447754588,
                3.6060375517097945,
                3.883856696050148,
                4.139102791730203,
                4.353858681211854,
                4.509327931915863,
                4.588081186290992,
                4.576501100681422,
                4.467006152600911,
                4.259618660542466,
                3.9625282621182345,
                3.5914790851316134,
                3.1680398381027386,
                2.7170449977260227
            ],
            "actualIsNotThisClass": [
                2.5405877457255013,
                4.541382894267424,
                7.136771099492054,
                9.872983372957503,
                12.040814777530054,
                12.967096287741983,
                12.355983880911394,
                10.444043858569117,
                7.8578188252195105,
                5.287379841142436,
                3.203583918702121,
                1.7653916142179271,
                0.898488212125535,
                0.43272208205568924,
                0.20493978048627595,
                0.10069619713679888,
                0.053952665384911634,
                0.03174476309769183,
                0.019559684285814047,
                0.01181347964346909,
                0.006639747828725348,
                0.003362982813624329,
                0.0015071409704536006,
                0.0005916178495729562,
                0.00020311912902357072,
                6.54743916379603e-05,
                3.977607760362965e-05,
                9.462268964650073e-05,
                0.0002949969808998459,
                0.0008229064803205672,
                0.001997253666240001,
                0.004222122498722037,
                0.007802587108050189,
                0.012669579443436852,
                0.018206644302975937,
                0.023409967904671904,
                0.027414835662586297,
                0.030097664947943806,
                0.032308325542350365,
                0.03549808122460541,
                0.04097710855721049,
                0.04938626329423582,
                0.06080754970752164,
                0.07530533453409764,
                0.0932573330137382,
                0.11519517582958975,
                0.1415626469868203,
                0.17276779693822272,
                0.20919241335586894,
                0.2506435518356686,
                0.29546056875819526,
                0.3399799214866377,
                0.37867590997449635,
                0.40493693407370757,
                0.4125985031049802,
                0.3981200642725313,
                0.3623740545796708,
                0.3107450662280169,
                0.2513345477566007,
                0.19233484239145374,
                0.1398671672829261,
                0.09702669892127061,
                0.06422071814295319,
                0.04029936473048594,
                0.02365922657168905,
                0.012773523563986486,
                0.006234207826722961,
                0.0027111814116299645,
                0.0010393025300351267,
                0.00034851992212223674,
                0.00010171268485535373,
                2.574457795437003e-05,
                5.6383763964106615e-06,
                1.0668291797317625e-06,
                1.7419255383927648e-07,
                2.452521568728688e-08,
                2.975680959576787e-09,
                3.1099245299131297e-10,
                2.798611019194937e-11,
                2.167861950480264e-12,
                1.4451227663256103e-13,
                8.288293316428206e-15,
                4.0891047409557914e-16,
                1.7350805616825993e-17,
                6.331014013924678e-19,
                1.9862332551170092e-20,
                5.3572008929793e-22,
                1.2420788707412271e-23,
                2.475264829431343e-25,
                4.239527270127737e-27,
                6.240254683473721e-29,
                7.893063707303169e-31,
                8.578664452209987e-33,
                8.011238442178577e-35,
                6.427811529470385e-37,
                4.4308793164917974e-39,
                2.6239878489760453e-41,
                1.3349420548442208e-43,
                5.834140674967809e-46,
                2.1902409559264735e-48
            ],
            "actualIsThisClassMedian": 0.915088694517755,
            "actualIsNotThisClassMedian": 0.05244046981120031
        }
    },
    "calibrationData": [
        {
            "y": 0,
            "x": 0,
            "n": 0
        },
        {
            "y": 0.0,
            "x": 0.052216697852254405,
            "n": 1504.0
        },
        {
            "y": 0.0,
            "x": 0.12103193488700091,
            "n": 12.0
        },
        {
            "y": 1.0,
            "x": 0.26108442865434095,
            "n": 3.0
        },
        {
            "y": 0.25,
            "x": 0.3592174359016955,
            "n": 4.0
        },
        {
            "y": 0.0,
            "x": 0.4646650330846815,
            "n": 16.0
        },
        {
            "y": 0.016129032258064516,
            "x": 0.5456558309109326,
            "n": 62.0
        },
        {
            "y": 0.8,
            "x": 0.6408159853884752,
            "n": 15.0
        },
        {
            "y": 1.0,
            "x": 0.7800599105807545,
            "n": 14.0
        },
        {
            "y": 1.0,
            "x": 0.8604897406116931,
            "n": 38.0
        },
        {
            "y": 1.0,
            "x": 0.9475718502354227,
            "n": 92.0
        },
        {
            "y": 1,
            "x": 1,
            "n": 0
        }
    ],
    "probaDistribData": {
        "bins": [
            0.0,
            0.1,
            0.2,
            0.3,
            0.4,
            0.5,
            0.6,
            0.7,
            0.8,
            0.9,
            1.0
        ],
        "probaDistribs": [
            [
                1504.0,
                12.0,
                0.0,
                3.0,
                16.0,
                61.0,
                3.0,
                0.0,
                0.0,
                0.0
            ],
            [
                0.0,
                0.0,
                3.0,
                1.0,
                0.0,
                1.0,
                12.0,
                14.0,
                38.0,
                92.0
            ]
        ]
    },
    "globalMetrics": {
        "testWeight": 1760,
        "targetAvg": [
            0.09147727272727273
        ],
        "targetStd": [
            0.28836856498729213
        ],
        "predictionAvg": [
            0.0875
        ],
        "predictionStd": [
            0.28256636388643286
        ]
    }
}