{
    "predictedClassCountPerCut": [
        {
            "1": 1760
        },
        {
            "1": 1751,
            "0": 9
        },
        {
            "1": 1071,
            "0": 689
        },
        {
            "0": 1427,
            "1": 333
        },
        {
            "0": 1504,
            "1": 256
        },
        {
            "0": 1512,
            "1": 248
        },
        {
            "0": 1514,
            "1": 246
        },
        {
            "0": 1516,
            "1": 244
        },
        {
            "0": 1516,
            "1": 244
        },
        {
            "0": 1516,
            "1": 244
        },
        {
            "0": 1517,
            "1": 243
        },
        {
            "0": 1518,
            "1": 242
        },
        {
            "0": 1519,
            "1": 241
        },
        {
            "0": 1519,
            "1": 241
        },
        {
            "0": 1520,
            "1": 240
        },
        {
            "0": 1522,
            "1": 238
        },
        {
            "0": 1523,
            "1": 237
        },
        {
            "0": 1524,
            "1": 236
        },
        {
            "0": 1527,
            "1": 233
        },
        {
            "0": 1533,
            "1": 227
        },
        {
            "0": 1539,
            "1": 221
        },
        {
            "0": 1556,
            "1": 204
        },
        {
            "0": 1575,
            "1": 185
        },
        {
            "0": 1593,
            "1": 167
        },
        {
            "0": 1601,
            "1": 159
        },
        {
            "0": 1606,
            "1": 154
        },
        {
            "0": 1611,
            "1": 149
        },
        {
            "0": 1614,
            "1": 146
        },
        {
            "0": 1616,
            "1": 144
        },
        {
            "0": 1616,
            "1": 144
        },
        {
            "0": 1617,
            "1": 143
        },
        {
            "0": 1620,
            "1": 140
        },
        {
            "0": 1630,
            "1": 130
        },
        {
            "0": 1633,
            "1": 127
        },
        {
            "0": 1645,
            "1": 115
        },
        {
            "0": 1654,
            "1": 106
        },
        {
            "0": 1668,
            "1": 92
        },
        {
            "0": 1689,
            "1": 71
        },
        {
            "0": 1716,
            "1": 44
        },
        {
            "0": 1747,
            "1": 13
        }
    ],
    "cuts": [
        0.0,
        0.025,
        0.05,
        0.075,
        0.1,
        0.125,
        0.15,
        0.175,
        0.2,
        0.225,
        0.25,
        0.275,
        0.3,
        0.325,
        0.35,
        0.375,
        0.4,
        0.425,
        0.45,
        0.475,
        0.5,
        0.525,
        0.55,
        0.575,
        0.6,
        0.625,
        0.65,
        0.675,
        0.7,
        0.725,
        0.75,
        0.775,
        0.8,
        0.825,
        0.85,
        0.875,
        0.9,
        0.925,
        0.95,
        0.975
    ],
    "predictedClassCount": {
        "0": 1606,
        "1": 154
    },
    "probabilityDensities": {
        "0": {
            "density": [
                0.2456979520347556,
                0.2781469725937549,
                0.3083071396724119,
                0.3348080251383271,
                0.3564606105325458,
                0.3723653997759276,
                0.3819887060126699,
                0.3851969747618974,
                0.3822457500390393,
                0.3737270512518308,
                0.36048508919805,
                0.34351428541549767,
                0.3238548794634203,
                0.3025000408398016,
                0.28032491519996033,
                0.2580433399451649,
                0.23619306490724437,
                0.21514607514840983,
                0.19513761287117054,
                0.17630597594527905,
                0.15873507683755386,
                0.14249281787976845,
                0.12766021277887338,
                0.11434847086323932,
                0.10270359138993022,
                0.09290006384442871,
                0.08512676597529846,
                0.07956890143353121,
                0.07638974067509459,
                0.0757150824256288,
                0.07762195543568848,
                0.08213148316519613,
                0.0892044593927594,
                0.09873742456380606,
                0.11055714811820304,
                0.12441244303740576,
                0.13996393485514388,
                0.15677431855201915,
                0.17430317895587705,
                0.19191107063687915,
                0.20887689627693307,
                0.22443065676373983,
                0.23780070850158522,
                0.24827139670951578,
                0.2552441295993506,
                0.25829334600432624,
                0.2572088702719576,
                0.2520179057823857,
                0.2429830358713443,
                0.2305764010085938,
                0.2154338903370041,
                0.19829598673858548,
                0.17994335254362423,
                0.16113519787839758,
                0.1425571315414002,
                0.1247829923797517,
                0.10825263407174507,
                0.0932652834536694,
                0.07998626564882085,
                0.06846375916299074,
                0.058651815449473683,
                0.05043604273971986,
                0.04365895884303307,
                0.03814291435549009,
                0.03370956437861163,
                0.0301960526394309,
                0.027469326667761734,
                0.02544130036520418,
                0.0240888905332943,
                0.023484217541055605,
                0.023841349022288735,
                0.025586619603158542,
                0.02945931294975956,
                0.036647618768375974,
                0.048960320140222904,
                0.0690266244350493,
                0.10050427520938683,
                0.14825987501924645,
                0.2184671420594578,
                0.3185526861631956,
                0.45691100930103257,
                0.6423182230626537,
                0.8830041211326806,
                1.1853979219102748,
                1.5526408989277738,
                1.983047454633323,
                2.4687749119269853,
                2.995006414016889,
                3.5399373313954547,
                4.075769588210576,
                4.570763424426699,
                4.992195932250648,
                5.309871867917792,
                5.49967519605795,
                5.546585040372077,
                5.446633327145042,
                5.207450317783647,
                4.847294570545772,
                4.392739095551578,
                3.87542179866299
            ],
            "median": 0.9460415882701549
        },
        "1": {
            "density": [
                3.8754217986630453,
                4.392739095551555,
                4.847294570545789,
                5.207450317783629,
                5.446633327145023,
                5.546585040372047,
                5.49967519605796,
                5.309871867917849,
                4.992195932250612,
                4.570763424426674,
                4.075769588210562,
                3.5399373313954614,
                2.9950064140168835,
                2.4687749119269853,
                1.9830474546333337,
                1.5526408989277656,
                1.1853979219102757,
                0.8830041211326781,
                0.6423182230626566,
                0.45691100930102974,
                0.3185526861631942,
                0.21846714205945567,
                0.1482598750192463,
                0.100504275209387,
                0.06902662443504924,
                0.048960320140222946,
                0.036647618768375974,
                0.029459312949759456,
                0.025586619603158202,
                0.02384134902228865,
                0.023484217541055657,
                0.02408889053329428,
                0.025441300365204436,
                0.02746932666776183,
                0.030196052639430915,
                0.03370956437861194,
                0.03814291435549022,
                0.043658958843032954,
                0.05043604273972004,
                0.058651815449473683,
                0.06846375916299134,
                0.07998626564882078,
                0.09326528345366965,
                0.10825263407174487,
                0.12478299237975159,
                0.1425571315414011,
                0.1611351978783973,
                0.17994335254362406,
                0.19829598673858584,
                0.2154338903370039,
                0.23057640100859464,
                0.2429830358713445,
                0.2520179057823857,
                0.2572088702719555,
                0.25829334600432696,
                0.2552441295993506,
                0.24827139670951623,
                0.23780070850158436,
                0.22443065676374102,
                0.20887689627693268,
                0.19191107063687965,
                0.17430317895587674,
                0.1567743185520186,
                0.1399639348551435,
                0.12441244303740509,
                0.11055714811820323,
                0.09873742456380624,
                0.08920445939275884,
                0.0821314831651962,
                0.07762195543568841,
                0.0757150824256286,
                0.0763897406750948,
                0.07956890143353107,
                0.08512676597529831,
                0.09290006384442888,
                0.10270359138993022,
                0.11434847086323911,
                0.12766021277887404,
                0.14249281787976845,
                0.15873507683755372,
                0.17630597594527905,
                0.1951376128711707,
                0.21514607514840944,
                0.23619306490724332,
                0.25804333994516465,
                0.28032491519996233,
                0.302500040839804,
                0.32385487946341773,
                0.3435142854154967,
                0.3604850891980519,
                0.3737270512518282,
                0.38224575003903866,
                0.3851969747618933,
                0.3819887060126702,
                0.3723653997759276,
                0.35646061053254485,
                0.3348080251383286,
                0.30830713967241324,
                0.2781469725937554,
                0.24569795203475583
            ],
            "median": 0.05395841172984542
        }
    }
}