{
    "startedAt": 1769105183958,
    "gridSize": 2,
    "nThreads": 4,
    "nSplits": 5,
    "metric": "ROC_AUC",
    "timeout": null,
    "gridPoints": [
        {
            "finishedAt": 1769105188170,
            "score": 1.0,
            "testScoreGibMean": 1.0,
            "testScoreMean": 1.0,
            "testScoreStd": 0.0,
            "trainScoreMean": 1.0,
            "trainScoreStd": 0.0,
            "time": 10865,
            "fitTimeMean": 1575.6,
            "fitTimeStd": 51.51543458032748,
            "scoreTimeMean": 597.4,
            "scoreTimeStd": 42.76260048219706,
            "parameters": {
                "max_depth": 6,
                "max_features": "sqrt",
                "min_samples_leaf": 1,
                "n_estimators": 100,
                "min_samples_split": 3
            }
        },
        {
            "finishedAt": 1769105189306,
            "score": 1.0,
            "testScoreGibMean": 1.0,
            "testScoreMean": 1.0,
            "testScoreStd": 0.0,
            "trainScoreMean": 1.0,
            "trainScoreStd": 0.0,
            "time": 8185,
            "fitTimeMean": 1218.0,
            "fitTimeStd": 257.63773015612446,
            "scoreTimeMean": 419.0,
            "scoreTimeStd": 152.18278483455347,
            "parameters": {
                "max_depth": 13,
                "max_features": "sqrt",
                "min_samples_leaf": 1,
                "n_estimators": 100,
                "min_samples_split": 3
            }
        }
    ]
}