{
    "diagnostics": [
        {
            "type": "ML_DIAGNOSTICS_DATASET_SANITY_CHECKS",
            "message": "The train dataset is imbalanced (balance=0.46), metrics can be misleading",
            "step": "Loading train set"
        },
        {
            "type": "ML_DIAGNOSTICS_DATASET_SANITY_CHECKS",
            "message": "The test dataset is imbalanced (balance=0.44), metrics can be misleading",
            "step": "Loading test set"
        },
        {
            "type": "ML_DIAGNOSTICS_LEAKAGE_DETECTION",
            "message": "AUC=1.000, too good to be true?",
            "step": "Scoring model"
        },
        {
            "type": "ML_DIAGNOSTICS_LEAKAGE_DETECTION",
            "message": "F1 Score=1.000, too good to be true?",
            "step": "Scoring model"
        }
    ]
}