{
    "metrics": {},
    "processed_feature_names": [
        "Source_IP_int",
        "Destination_IP_int",
        "Port",
        "Payload_Size",
        "dummy:Status:Success",
        "dummy:Status:Failure",
        "dummy:Status:N/A",
        "dummy:Status:__Others__",
        "dummy:Request_Type:SMTP",
        "dummy:Request_Type:HTTP",
        "dummy:Request_Type:Telnet",
        "dummy:Request_Type:FTP",
        "dummy:Request_Type:DNS",
        "dummy:Request_Type:SSH",
        "dummy:Request_Type:HTTPS",
        "dummy:Request_Type:N/A",
        "dummy:Request_Type:__Others__",
        "dummy:country_code_1:US",
        "dummy:country_code_1:CN",
        "dummy:country_code_1:JP",
        "dummy:country_code_1:DE",
        "dummy:country_code_1:KR",
        "dummy:country_code_1:GB",
        "dummy:country_code_1:BR",
        "dummy:country_code_1:CA",
        "dummy:country_code_1:FR",
        "dummy:country_code_1:AU",
        "dummy:country_code_1:IT",
        "dummy:country_code_1:NL",
        "dummy:country_code_1:IN",
        "dummy:country_code_1:RU",
        "dummy:country_code_1:TW",
        "dummy:country_code_1:ZA",
        "dummy:country_code_1:MX",
        "dummy:country_code_1:SE",
        "dummy:country_code_1:EG",
        "dummy:country_code_1:ES",
        "dummy:country_code_1:HK",
        "dummy:country_code_1:CH",
        "dummy:country_code_1:SG",
        "dummy:country_code_1:CO",
        "dummy:country_code_1:PL",
        "dummy:country_code_1:AR",
        "dummy:country_code_1:TR",
        "dummy:country_code_1:ID",
        "dummy:country_code_1:VN",
        "dummy:country_code_1:FI",
        "dummy:country_code_1:BE",
        "dummy:country_code_1:NO",
        "dummy:country_code_1:CL",
        "dummy:country_code_1:DK",
        "dummy:country_code_1:TH",
        "dummy:country_code_1:IL",
        "dummy:country_code_1:IE",
        "dummy:country_code_1:AT",
        "dummy:country_code_1:NZ",
        "dummy:country_code_1:TN",
        "dummy:country_code_1:MA",
        "dummy:country_code_1:SA",
        "dummy:country_code_1:CZ",
        "dummy:country_code_1:UA",
        "dummy:country_code_1:KE",
        "dummy:country_code_1:PK",
        "dummy:country_code_1:DZ",
        "dummy:country_code_1:MY",
        "dummy:country_code_1:MU",
        "dummy:country_code_1:AE",
        "dummy:country_code_1:IR",
        "dummy:country_code_1:GR",
        "dummy:country_code_1:EC",
        "dummy:country_code_1:PT",
        "dummy:country_code_1:VE",
        "dummy:country_code_1:BG",
        "dummy:country_code_1:PH",
        "dummy:country_code_1:RO",
        "dummy:country_code_1:HU",
        "dummy:country_code_1:CI",
        "dummy:country_code_1:UY",
        "dummy:country_code_1:GH",
        "dummy:country_code_1:CR",
        "dummy:country_code_1:SI",
        "dummy:country_code_1:PE",
        "dummy:country_code_1:NG",
        "dummy:country_code_1:HR",
        "dummy:country_code_1:BD",
        "dummy:country_code_1:RS",
        "dummy:country_code_1:LV",
        "dummy:country_code_1:PA",
        "dummy:country_code_1:EE",
        "dummy:country_code_1:AO",
        "dummy:country_code_1:DO",
        "dummy:country_code_1:SK",
        "dummy:country_code_1:LT",
        "dummy:country_code_1:SD",
        "dummy:country_code_1:LB",
        "dummy:country_code_1:KW",
        "dummy:country_code_1:LU",
        "dummy:country_code_1:GI",
        "dummy:country_code_1:GT",
        "dummy:country_code_1:GA",
        "dummy:country_code_1:UZ",
        "dummy:country_code_1:MK",
        "dummy:country_code_1:KG",
        "dummy:country_code_1:PS",
        "dummy:country_code_1:MT",
        "dummy:country_code_1:GM",
        "dummy:country_code_1:BA",
        "dummy:country_code_1:BB",
        "dummy:country_code_1:CU",
        "dummy:country_code_1:CY",
        "dummy:country_code_1:ET",
        "dummy:country_code_1:AM",
        "dummy:country_code_1:LK",
        "dummy:country_code_1:KZ",
        "dummy:country_code_1:QA",
        "dummy:country_code_1:SV",
        "dummy:country_code_1:TG",
        "dummy:country_code_1:TZ",
        "dummy:country_code_1:N/A",
        "dummy:country_code_1:__Others__",
        "dummy:User_Agent:nmap/7.80",
        "dummy:User_Agent:curl/7.68.0",
        "dummy:User_Agent:Wget/1.20.3",
        "dummy:User_Agent:Mozilla/5.0",
        "dummy:User_Agent:Nikto/2.1.6",
        "dummy:User_Agent:python-requests/2.25.1",
        "dummy:User_Agent:N/A",
        "dummy:User_Agent:__Others__",
        "dummy:country_code:US",
        "dummy:country_code:CO",
        "dummy:country_code:FR",
        "dummy:country_code:NG",
        "dummy:country_code:EG",
        "dummy:country_code:RU",
        "dummy:country_code:PL",
        "dummy:country_code:CA",
        "dummy:country_code:JP",
        "dummy:country_code:DE",
        "dummy:country_code:KR",
        "dummy:country_code:DK",
        "dummy:country_code:HK",
        "dummy:country_code:N/A",
        "dummy:country_code:__Others__",
        "dummy:Protocol:ICMP",
        "dummy:Protocol:UDP",
        "dummy:Protocol:TCP",
        "dummy:Protocol:N/A",
        "dummy:Protocol:__Others__"
    ],
    "optimalThreshold": 0.425,
    "usedThreshold": 0.425,
    "perCutData": {
        "cut": [
            0.0,
            0.025,
            0.05,
            0.075,
            0.1,
            0.125,
            0.15,
            0.175,
            0.2,
            0.225,
            0.25,
            0.275,
            0.3,
            0.325,
            0.35,
            0.375,
            0.4,
            0.425,
            0.45,
            0.475,
            0.5,
            0.525,
            0.55,
            0.575,
            0.6,
            0.625,
            0.65,
            0.675,
            0.7,
            0.725,
            0.75,
            0.775,
            0.8,
            0.825,
            0.85,
            0.875,
            0.9,
            0.925,
            0.95,
            0.975
        ],
        "tp": [
            161,
            161,
            161,
            161,
            161,
            161,
            161,
            161,
            161,
            161,
            161,
            161,
            161,
            161,
            161,
            161,
            161,
            161,
            161,
            161,
            161,
            161,
            161,
            161,
            161,
            161,
            161,
            161,
            161,
            160,
            156,
            155,
            155,
            152,
            148,
            144,
            139,
            130,
            100,
            23
        ],
        "tn": [
            0,
            0,
            1371,
            1515,
            1516,
            1516,
            1516,
            1516,
            1517,
            1518,
            1528,
            1542,
            1542,
            1543,
            1547,
            1585,
            1598,
            1599,
            1599,
            1599,
            1599,
            1599,
            1599,
            1599,
            1599,
            1599,
            1599,
            1599,
            1599,
            1599,
            1599,
            1599,
            1599,
            1599,
            1599,
            1599,
            1599,
            1599,
            1599,
            1599
        ],
        "fp": [
            1599,
            1599,
            228,
            84,
            83,
            83,
            83,
            83,
            82,
            81,
            71,
            57,
            57,
            56,
            52,
            14,
            1,
            0,
            0,
            0,
            0,
            0,
            0,
            0,
            0,
            0,
            0,
            0,
            0,
            0,
            0,
            0,
            0,
            0,
            0,
            0,
            0,
            0,
            0,
            0
        ],
        "fn": [
            0,
            0,
            0,
            0,
            0,
            0,
            0,
            0,
            0,
            0,
            0,
            0,
            0,
            0,
            0,
            0,
            0,
            0,
            0,
            0,
            0,
            0,
            0,
            0,
            0,
            0,
            0,
            0,
            0,
            1,
            5,
            6,
            6,
            9,
            13,
            17,
            22,
            31,
            61,
            138
        ],
        "precision": [
            0.09147727272727273,
            0.09147727272727273,
            0.4138817480719794,
            0.6571428571428571,
            0.6598360655737705,
            0.6598360655737705,
            0.6598360655737705,
            0.6598360655737705,
            0.6625514403292181,
            0.6652892561983471,
            0.6939655172413793,
            0.7385321100917431,
            0.7385321100917431,
            0.7419354838709677,
            0.755868544600939,
            0.92,
            0.9938271604938271,
            1.0,
            1.0,
            1.0,
            1.0,
            1.0,
            1.0,
            1.0,
            1.0,
            1.0,
            1.0,
            1.0,
            1.0,
            1.0,
            1.0,
            1.0,
            1.0,
            1.0,
            1.0,
            1.0,
            1.0,
            1.0,
            1.0,
            1.0
        ],
        "recall": [
            1.0,
            1.0,
            1.0,
            1.0,
            1.0,
            1.0,
            1.0,
            1.0,
            1.0,
            1.0,
            1.0,
            1.0,
            1.0,
            1.0,
            1.0,
            1.0,
            1.0,
            1.0,
            1.0,
            1.0,
            1.0,
            1.0,
            1.0,
            1.0,
            1.0,
            1.0,
            1.0,
            1.0,
            1.0,
            0.9937888198757764,
            0.968944099378882,
            0.9627329192546584,
            0.9627329192546584,
            0.9440993788819876,
            0.9192546583850931,
            0.8944099378881988,
            0.8633540372670807,
            0.8074534161490683,
            0.6211180124223602,
            0.14285714285714285
        ],
        "accuracy": [
            0.09147727272727273,
            0.09147727272727273,
            0.8704545454545455,
            0.9522727272727273,
            0.9528409090909091,
            0.9528409090909091,
            0.9528409090909091,
            0.9528409090909091,
            0.9534090909090909,
            0.9539772727272727,
            0.959659090909091,
            0.9676136363636364,
            0.9676136363636364,
            0.9681818181818181,
            0.9704545454545455,
            0.9920454545454546,
            0.9994318181818181,
            1.0,
            1.0,
            1.0,
            1.0,
            1.0,
            1.0,
            1.0,
            1.0,
            1.0,
            1.0,
            1.0,
            1.0,
            0.9994318181818181,
            0.9971590909090909,
            0.9965909090909091,
            0.9965909090909091,
            0.9948863636363636,
            0.9926136363636363,
            0.9903409090909091,
            0.9875,
            0.9823863636363637,
            0.9653409090909091,
            0.9215909090909091
        ],
        "f1": [
            0.16762103071317022,
            0.16762103071317022,
            0.5854545454545454,
            0.7931034482758621,
            0.7950617283950617,
            0.7950617283950617,
            0.7950617283950617,
            0.7950617283950617,
            0.7970297029702971,
            0.7990074441687346,
            0.8193384223918575,
            0.849604221635884,
            0.849604221635884,
            0.8518518518518519,
            0.8609625668449198,
            0.9583333333333334,
            0.9969040247678018,
            1.0,
            1.0,
            1.0,
            1.0,
            1.0,
            1.0,
            1.0,
            1.0,
            1.0,
            1.0,
            1.0,
            1.0,
            0.9968847352024921,
            0.9842271293375394,
            0.9810126582278481,
            0.9810126582278481,
            0.9712460063897763,
            0.9579288025889967,
            0.9442622950819672,
            0.9266666666666666,
            0.8934707903780068,
            0.7662835249042146,
            0.25
        ],
        "mcc": [
            0.0,
            0.0,
            0.5957069032467118,
            0.7890635469706268,
            0.7909397342216593,
            0.7909397342216593,
            0.7909397342216593,
            0.7909397342216593,
            0.7928268684834402,
            0.7947250620628816,
            0.8143411684774327,
            0.8439226561165775,
            0.8439226561165775,
            0.8461391741000893,
            0.8551534679340356,
            0.9549580962552767,
            0.996597024911272,
            1.0,
            1.0,
            1.0,
            1.0,
            1.0,
            1.0,
            1.0,
            1.0,
            1.0,
            1.0,
            1.0,
            1.0,
            0.9965779958755632,
            0.9828141737208533,
            0.9793538266057632,
            0.9793538266057632,
            0.9689247858153642,
            0.9549038246681488,
            0.94074487638918,
            0.9228416490307133,
            0.8899982809738552,
            0.7734945354061821,
            0.36263966315050083
        ],
        "hammingLoss": [
            0.9085227272727273,
            0.9085227272727273,
            0.12954545454545452,
            0.04772727272727273,
            0.04715909090909087,
            0.04715909090909087,
            0.04715909090909087,
            0.04715909090909087,
            0.04659090909090913,
            0.04602272727272727,
            0.04034090909090904,
            0.0323863636363636,
            0.0323863636363636,
            0.03181818181818186,
            0.02954545454545454,
            0.007954545454545436,
            0.0005681818181818565,
            0.0,
            0.0,
            0.0,
            0.0,
            0.0,
            0.0,
            0.0,
            0.0,
            0.0,
            0.0,
            0.0,
            0.0,
            0.0005681818181818565,
            0.0028409090909090606,
            0.003409090909090917,
            0.003409090909090917,
            0.005113636363636376,
            0.007386363636363691,
            0.009659090909090895,
            0.012499999999999956,
            0.01761363636363633,
            0.03465909090909092,
            0.07840909090909087
        ],
        "assertionsMetrics": [],
        "overridesMetrics": []
    },
    "tiMetrics": {
        "auc": 1.0,
        "logLoss": 0.06471979774704978,
        "lift": 2.5,
        "averagePrecision": 1.0,
        "calibrationLoss": 0.05998743578552115
    },
    "probaPercentiles": [
        0.037726487417644644,
        0.03836316362617254,
        0.038943655879981005,
        0.039386247416581595,
        0.039707335287197144,
        0.04008318166208382,
        0.04029662813825599,
        0.040531564760633514,
        0.04073360604687076,
        0.04092120861303044,
        0.04108843782752175,
        0.04133942156149252,
        0.041478349160553145,
        0.04161634919771162,
        0.04173753085402075,
        0.04190260811383905,
        0.041939390007665535,
        0.042021684851012764,
        0.04208487466374189,
        0.04227143132838086,
        0.04236523107115497,
        0.04248724365346211,
        0.04266680673813922,
        0.04274990902502718,
        0.042884298274985265,
        0.04299305130403787,
        0.043130395123386775,
        0.043250654643700225,
        0.04338589562605974,
        0.04349456979047471,
        0.0435745993789919,
        0.04370677980864478,
        0.04377277546017199,
        0.04386376983782707,
        0.04396488740332596,
        0.04409407401521566,
        0.04417208000751673,
        0.0442544538127336,
        0.04435533052477238,
        0.04446144189294139,
        0.0445716889757556,
        0.044668550633074934,
        0.04478239398730487,
        0.04488083806594931,
        0.045042016730323105,
        0.04509270568892407,
        0.04522318795112726,
        0.04539670910771771,
        0.04544489706136778,
        0.04554069873012229,
        0.04564360847783216,
        0.04577146066044361,
        0.04591718059846874,
        0.046059071495248814,
        0.04616174931945046,
        0.046317223668674856,
        0.04640542859271616,
        0.04651022485505939,
        0.04667689836976892,
        0.046782626398418764,
        0.046884095120036474,
        0.04706739426178311,
        0.047149441941041044,
        0.04723405686044322,
        0.04738820645211613,
        0.04752698230448786,
        0.04767574152706559,
        0.047827734228910394,
        0.048059575357050195,
        0.04819688241629556,
        0.04840544457597912,
        0.048598272177677745,
        0.04879745016622064,
        0.04900773283908947,
        0.04925099334057793,
        0.04948150119761048,
        0.049717467767239114,
        0.050079253959084837,
        0.05056663620581912,
        0.05086264734874512,
        0.05103919139748593,
        0.05160849685090187,
        0.0523151285192941,
        0.05320674783040002,
        0.054619125806789244,
        0.05901497212627645,
        0.2511069560542971,
        0.3536041321608327,
        0.3630348942386461,
        0.3737166598528145,
        0.7276976445470266,
        0.8835742784670079,
        0.9299134270598121,
        0.94671692774533,
        0.9541197522183096,
        0.9595882374149913,
        0.9686999551763606,
        0.9727521692030574,
        0.9763304556950977
    ],
    "rocVizData": [
        [
            {
                "x": 0.0,
                "y": 0.0,
                "p": 1.986831129861081
            },
            {
                "x": 0.0,
                "y": 0.17391304347826086,
                "p": 0.9737765790736062
            },
            {
                "x": 0.0,
                "y": 0.5900621118012422,
                "p": 0.9515807357132133
            },
            {
                "x": 0.0,
                "y": 1.0,
                "p": 0.7129370543648007
            },
            {
                "x": 0.05565978736710444,
                "y": 1.0,
                "p": 0.05853024692623799
            },
            {
                "x": 0.11819887429643527,
                "y": 1.0,
                "p": 0.0508696211594608
            },
            {
                "x": 0.17385866166353972,
                "y": 1.0,
                "p": 0.04925359983745675
            },
            {
                "x": 0.22764227642276422,
                "y": 1.0,
                "p": 0.04823683036326713
            },
            {
                "x": 0.2776735459662289,
                "y": 1.0,
                "p": 0.04748605846458989
            },
            {
                "x": 0.32958098811757347,
                "y": 1.0,
                "p": 0.046879221938144415
            },
            {
                "x": 0.3796122576610381,
                "y": 1.0,
                "p": 0.046338489125545175
            },
            {
                "x": 0.43214509068167606,
                "y": 1.0,
                "p": 0.0457337859796558
            },
            {
                "x": 0.48467792370231394,
                "y": 1.0,
                "p": 0.045189545190863614
            },
            {
                "x": 0.5403377110694184,
                "y": 1.0,
                "p": 0.04463476192713735
            },
            {
                "x": 0.5909943714821764,
                "y": 1.0,
                "p": 0.044183124301114034
            },
            {
                "x": 0.6466541588492808,
                "y": 1.0,
                "p": 0.04371589689579631
            },
            {
                "x": 0.7041901188242652,
                "y": 1.0,
                "p": 0.043127397081941854
            },
            {
                "x": 0.7548467792370231,
                "y": 1.0,
                "p": 0.042517764895982725
            },
            {
                "x": 0.8061288305190745,
                "y": 1.0,
                "p": 0.04198676753882141
            },
            {
                "x": 0.8574108818011257,
                "y": 1.0,
                "p": 0.041478349160553145
            },
            {
                "x": 0.9161976235146967,
                "y": 1.0,
                "p": 0.04043885883098089
            },
            {
                "x": 0.967479674796748,
                "y": 1.0,
                "p": 0.03892765334898111
            },
            {
                "x": 1.0,
                "y": 1.0,
                "p": 0.03318139974056867
            }
        ]
    ],
    "liftVizData": {
        "bins": [
            {
                "bin_pos_prop": 0.9147727273,
                "bin_lift": 10.0,
                "cum_lift": 1.0,
                "cum_size": 0.1,
                "bin_min": 0.3737166599,
                "bin_max": 0.9868311299,
                "percentile_idx": 0
            },
            {
                "bin_pos_prop": 0.0,
                "bin_lift": 0.0,
                "cum_lift": 1.0,
                "cum_size": 0.2,
                "bin_min": 0.0508626473,
                "bin_max": 0.3737166599,
                "percentile_idx": 1
            },
            {
                "bin_pos_prop": 0.0,
                "bin_lift": 0.0,
                "cum_lift": 1.0,
                "cum_size": 0.3,
                "bin_min": 0.0481968824,
                "bin_max": 0.0508626473,
                "percentile_idx": 2
            },
            {
                "bin_pos_prop": 0.0,
                "bin_lift": 0.0,
                "cum_lift": 1.0,
                "cum_size": 0.4,
                "bin_min": 0.0467826264,
                "bin_max": 0.0481968824,
                "percentile_idx": 3
            },
            {
                "bin_pos_prop": 0.0,
                "bin_lift": 0.0,
                "cum_lift": 1.0,
                "cum_size": 0.5,
                "bin_min": 0.0455406987,
                "bin_max": 0.0467826264,
                "percentile_idx": 4
            },
            {
                "bin_pos_prop": 0.0,
                "bin_lift": 0.0,
                "cum_lift": 1.0,
                "cum_size": 0.6,
                "bin_min": 0.0444614419,
                "bin_max": 0.0455406987,
                "percentile_idx": 5
            },
            {
                "bin_pos_prop": 0.0,
                "bin_lift": 0.0,
                "cum_lift": 1.0,
                "cum_size": 0.7,
                "bin_min": 0.0434945698,
                "bin_max": 0.0444614419,
                "percentile_idx": 6
            },
            {
                "bin_pos_prop": 0.0,
                "bin_lift": 0.0,
                "cum_lift": 1.0,
                "cum_size": 0.7994318182,
                "bin_min": 0.0422714313,
                "bin_max": 0.0434945698,
                "percentile_idx": 7
            },
            {
                "bin_pos_prop": 0.0,
                "bin_lift": 0.0,
                "cum_lift": 1.0,
                "cum_size": 0.9,
                "bin_min": 0.0409212086,
                "bin_max": 0.0422714313,
                "percentile_idx": 8
            },
            {
                "bin_pos_prop": 0.0,
                "bin_lift": 0.0,
                "cum_lift": 1.0,
                "cum_size": 1.0,
                "bin_min": 0.0331813997,
                "bin_max": 0.0409212086,
                "percentile_idx": 9
            }
        ],
        "wizard": {
            "positives": 161,
            "total": 1760
        }
    },
    "prVizData": [
        {
            "bins": [
                {
                    "x": 1.0,
                    "y": 0.09147727272727273,
                    "p": 0.03318139974056867
                },
                {
                    "x": 1.0,
                    "y": 0.14160070360598065,
                    "p": 0.04401772663611551
                },
                {
                    "x": 1.0,
                    "y": 0.19166666666666668,
                    "p": 0.04585322549412056
                },
                {
                    "x": 1.0,
                    "y": 0.24174174174174173,
                    "p": 0.047098179948685696
                },
                {
                    "x": 1.0,
                    "y": 0.29219600725952816,
                    "p": 0.04797748737529873
                },
                {
                    "x": 1.0,
                    "y": 0.34328358208955223,
                    "p": 0.048847407396993094
                },
                {
                    "x": 1.0,
                    "y": 0.39364303178484106,
                    "p": 0.04965468107603627
                },
                {
                    "x": 1.0,
                    "y": 0.4447513812154696,
                    "p": 0.05076936250779298
                },
                {
                    "x": 1.0,
                    "y": 0.49691358024691357,
                    "p": 0.051308008090841815
                },
                {
                    "x": 1.0,
                    "y": 0.5476190476190477,
                    "p": 0.05244281936082723
                },
                {
                    "x": 1.0,
                    "y": 0.6007462686567164,
                    "p": 0.054387860700431466
                },
                {
                    "x": 1.0,
                    "y": 0.6518218623481782,
                    "p": 0.059066577087432036
                },
                {
                    "x": 1.0,
                    "y": 0.7030567685589519,
                    "p": 0.25153359972327
                },
                {
                    "x": 1.0,
                    "y": 0.755868544600939,
                    "p": 0.3527135531380947
                },
                {
                    "x": 1.0,
                    "y": 0.8090452261306532,
                    "p": 0.3605465448202581
                },
                {
                    "x": 1.0,
                    "y": 0.8609625668449198,
                    "p": 0.3689488970918311
                },
                {
                    "x": 1.0,
                    "y": 0.9147727272727273,
                    "p": 0.37455436350214266
                },
                {
                    "x": 1.0,
                    "y": 0.9698795180722891,
                    "p": 0.3901156510450101
                },
                {
                    "x": 0.9751552795031055,
                    "y": 1.0,
                    "p": 0.73539986046071
                },
                {
                    "x": 0.9192546583850931,
                    "y": 1.0,
                    "p": 0.8527859546689532
                },
                {
                    "x": 0.8633540372670807,
                    "y": 1.0,
                    "p": 0.9039273333202648
                },
                {
                    "x": 0.8074534161490683,
                    "y": 1.0,
                    "p": 0.9255124426124685
                },
                {
                    "x": 0.7515527950310559,
                    "y": 1.0,
                    "p": 0.9319251820125315
                },
                {
                    "x": 0.6956521739130435,
                    "y": 1.0,
                    "p": 0.9398484438647408
                },
                {
                    "x": 0.639751552795031,
                    "y": 1.0,
                    "p": 0.9484099697949522
                },
                {
                    "x": 0.5838509316770186,
                    "y": 1.0,
                    "p": 0.9523775262600498
                },
                {
                    "x": 0.5279503105590062,
                    "y": 1.0,
                    "p": 0.9558507030229971
                },
                {
                    "x": 0.4720496894409938,
                    "y": 1.0,
                    "p": 0.9584866726726392
                },
                {
                    "x": 0.4161490683229814,
                    "y": 1.0,
                    "p": 0.9610453246701907
                },
                {
                    "x": 0.36024844720496896,
                    "y": 1.0,
                    "p": 0.9651910737223847
                },
                {
                    "x": 0.30434782608695654,
                    "y": 1.0,
                    "p": 0.9700051295575924
                },
                {
                    "x": 0.2484472049689441,
                    "y": 1.0,
                    "p": 0.9719025518970281
                },
                {
                    "x": 0.19254658385093168,
                    "y": 1.0,
                    "p": 0.9734088944090991
                },
                {
                    "x": 0.13664596273291926,
                    "y": 1.0,
                    "p": 0.9752788993660212
                },
                {
                    "x": 0.08074534161490683,
                    "y": 1.0,
                    "p": 0.9792327746249571
                },
                {
                    "x": 0.024844720496894408,
                    "y": 1.0,
                    "p": 0.9824836992879792
                },
                {
                    "x": 0.006211180124223602,
                    "y": 1.0,
                    "p": 0.9868311298610811
                }
            ],
            "positiveRate": 0.09147727272727273
        }
    ],
    "densityData": {
        "0": {
            "actualIsThisClass": [
                7.92773e-319,
                3.338523515341811e-308,
                9.25692522049945e-298,
                1.689994149478109e-287,
                2.0314670244370467e-277,
                1.6078313173847516e-267,
                8.378713129003396e-258,
                2.8748837680810452e-248,
                6.4948540050996775e-239,
                9.661056675936686e-230,
                9.46206664632162e-221,
                6.101737417063566e-212,
                2.5907599097278046e-203,
                7.242807938018787e-195,
                1.3331926892780069e-186,
                1.6157904645375263e-178,
                1.2893871371198602e-170,
                6.774664897921314e-163,
                2.343681103303715e-155,
                5.3384535242111646e-148,
                8.006426209100786e-141,
                7.906209099401493e-134,
                5.140487664690076e-127,
                2.200629317881297e-120,
                6.2029198860860276e-114,
                1.1512042091594527e-107,
                1.4067462975935338e-101,
                1.1318446323356003e-95,
                5.996060899691696e-90,
                2.0914824032015757e-84,
                4.803440616712395e-79,
                7.26377108604085e-74,
                7.232449903714594e-69,
                4.741602269239554e-64,
                2.046845943296891e-59,
                5.817963875812053e-55,
                1.0889058983496892e-50,
                1.3420039842992423e-46,
                1.0891214130902895e-42,
                5.8207472387873154e-39,
                2.048757529191934e-35,
                4.749559103750594e-32,
                7.253135432411961e-29,
                7.297796432854229e-26,
                4.8391689531572305e-23,
                2.115605195698963e-20,
                6.10142033857912e-18,
                1.1617658149937083e-15,
                1.462242499670873e-13,
                1.2186918849174516e-11,
                6.742956544541782e-10,
                2.485978055941757e-08,
                6.139726656221064e-07,
                1.0234992643642899e-05,
                0.00011638031982746458,
                0.0009157257525420939,
                0.005084079917074769,
                0.020456029300360327,
                0.06186914478943314,
                0.14723824846934316,
                0.28769202068389427,
                0.46950947106477786,
                0.6296442221675692,
                0.6716965267555135,
                0.5545376132542602,
                0.35077903013274936,
                0.17372178653915862,
                0.07414989146732376,
                0.0364209452351,
                0.03166951904250405,
                0.05018147665938143,
                0.0992695370960428,
                0.17593996103017395,
                0.25089252882427215,
                0.28885241580745197,
                0.27203150982759766,
                0.20764586388502312,
                0.1270171268070777,
                0.06453949966181738,
                0.03267611780921858,
                0.021771291126923907,
                0.016561554922733677,
                0.010151299751782904,
                0.004313738188550787,
                0.0012223983452060356,
                0.00023424354247255944,
                9.99617486841836e-05,
                0.0007619282880769296,
                0.007373856475313359,
                0.06317886300899198,
                0.4215693900781603,
                2.010121787079334,
                6.602077739189482,
                14.733071648484524,
                22.2165336843399,
                22.5761973119856,
                15.433965339801304,
                7.089456179986572,
                2.1858863198547973,
                0.45203885310596537
            ],
            "actualIsNotThisClass": [
                4.063443902948275,
                6.926752340598589,
                9.847076843346377,
                11.826819843301825,
                12.2006370807474,
                11.032664545697653,
                8.957045886696154,
                6.705934097804813,
                4.764301684497116,
                3.312586772168308,
                2.3358147621950875,
                1.7390244579576848,
                1.4057014119097826,
                1.2224332943063632,
                1.1031600367224428,
                1.003947062989215,
                0.9101861519061795,
                0.8130792184741858,
                0.7021729944427884,
                0.5747512555826403,
                0.44470065504292017,
                0.33763326902739016,
                0.27663459952426456,
                0.27476556935703483,
                0.33460145123714247,
                0.43834363234413604,
                0.5362978855755923,
                0.5661313196031788,
                0.49935318977703697,
                0.36439999612329155,
                0.21964382102238802,
                0.10936307297582278,
                0.04493423904822496,
                0.015188201057232526,
                0.004203238212204199,
                0.0009470380060410267,
                0.00017275149155205816,
                2.5385056943663433e-05,
                2.9925998334961136e-06,
                2.821222739378814e-07,
                2.12174963021191e-08,
                1.270715954095871e-09,
                6.052635591705564e-11,
                2.2907908337063165e-12,
                6.88477528553545e-14,
                1.642323338831196e-15,
                3.108507111400214e-17,
                4.667351485239063e-19,
                5.558337192372485e-21,
                5.2495954117271445e-23,
                3.931684040876798e-25,
                2.334955794718478e-27,
                1.099533869626645e-29,
                4.1054062393654596e-32,
                1.2153811664753548e-34,
                2.8528011263561903e-37,
                5.3091954108010385e-40,
                7.833953713578506e-43,
                9.164866300345787e-46,
                8.500853153853675e-49,
                6.251568666012337e-52,
                3.6450609740593974e-55,
                1.685036491022545e-58,
                6.175926667007605e-62,
                1.7946632200612347e-65,
                4.1347722671449663e-69,
                7.552798113305045e-73,
                1.093834705332066e-76,
                1.255980754498243e-80,
                1.1434091915527703e-84,
                8.252922027644821e-89,
                4.722817296002569e-93,
                2.1428011359725006e-97,
                7.708145361297798e-102,
                2.1983924250466557e-106,
                4.971046540210328e-111,
                8.912052192857373e-116,
                1.2667616045237281e-120,
                1.4275763250044206e-125,
                1.2755311111901392e-130,
                9.035871510446815e-136,
                5.075003058968734e-141,
                2.259903216307651e-146,
                7.978672551450524e-152,
                2.2333598922687116e-157,
                4.9564879244531045e-163,
                8.721208333191736e-169,
                1.2166524595550892e-174,
                1.3456858454545953e-180,
                1.1800708938630543e-186,
                8.20464475327625e-193,
                4.522709912394587e-199,
                1.9766280431907392e-205,
                6.849177804519987e-212,
                1.8816515261418193e-218,
                4.09852153930079e-225,
                7.077868912631165e-232,
                9.690921516209454e-239,
                1.051997980587526e-245,
                9.054240044627019e-253
            ],
            "actualIsThisClassMedian": 0.9549362382441937,
            "actualIsNotThisClassMedian": 0.04292075493960356
        },
        "1": {
            "actualIsThisClass": [
                9.054240044604373e-253,
                1.0519979805850142e-245,
                9.69092151618852e-239,
                7.077868912615876e-232,
                4.098521539292403e-225,
                1.8816515261381826e-218,
                6.84917780450675e-212,
                1.9766280431871437e-205,
                4.522709912385589e-199,
                8.204644753262259e-193,
                1.180070893861109e-186,
                1.3456858454524535e-180,
                1.216652459553222e-174,
                8.721208333178848e-169,
                4.9564879244457796e-163,
                2.233359892265411e-157,
                7.978672551439638e-152,
                2.2599032163046965e-146,
                5.0750030589615216e-141,
                9.035871510435002e-136,
                1.2755311111885441e-130,
                1.4275763250028787e-125,
                1.2667616045222159e-120,
                8.912052192848254e-116,
                4.971046540205383e-111,
                2.198392425044469e-106,
                7.708145361290787e-102,
                2.142801135970491e-97,
                4.722817295998675e-93,
                8.252922027638253e-89,
                1.143409191551893e-84,
                1.255980754497315e-80,
                1.0938347053312577e-76,
                7.552798113300109e-73,
                4.1347722671423807e-69,
                1.7946632200602146e-65,
                6.1759266670040946e-62,
                1.6850364910215393e-58,
                3.645060974057584e-55,
                6.251568666009228e-52,
                8.500853153850052e-49,
                9.16486630034175e-46,
                7.833953713575276e-43,
                5.309195410799152e-40,
                2.8528011263551767e-37,
                1.2153811664750095e-34,
                4.1054062393642346e-32,
                1.0995338696263636e-29,
                2.3349557947179305e-27,
                3.9316840408758203e-25,
                5.2495954117259884e-23,
                5.5583371923714975e-21,
                4.667351485238334e-19,
                3.108507111399706e-17,
                1.6423233388309977e-15,
                6.884775285534569e-14,
                2.2907908337060883e-12,
                6.052635591705006e-11,
                1.2707159540957626e-09,
                2.121749630211782e-08,
                2.821222739378638e-07,
                2.9925998334959912e-06,
                2.5385056943662393e-05,
                0.00017275149155205415,
                0.0009470380060410116,
                0.004203238212204121,
                0.015188201057232419,
                0.044934239048224627,
                0.10936307297582283,
                0.21964382102238794,
                0.3643999961232928,
                0.4993531897770383,
                0.5661313196031802,
                0.5362978855755923,
                0.43834363234413604,
                0.3346014512371417,
                0.2747655693570342,
                0.27663459952426406,
                0.33763326902739044,
                0.4447006550429198,
                0.5747512555826413,
                0.7021729944427896,
                0.8130792184741873,
                0.9101861519061787,
                1.003947062989216,
                1.1031600367224448,
                1.2224332943063663,
                1.4057014119097826,
                1.7390244579576835,
                2.3358147621950955,
                3.3125867721683138,
                4.764301684497104,
                6.7059340978048425,
                8.95704588669617,
                11.032664545697664,
                12.200637080747411,
                11.826819843301825,
                9.847076843346386,
                6.926752340598595,
                4.063443902948282
            ],
            "actualIsNotThisClass": [
                0.45203885310595254,
                2.1858863198547818,
                7.0894561799865965,
                15.43396533980133,
                22.57619731198584,
                22.21653368433986,
                14.73307164848455,
                6.6020777391893875,
                2.010121787079309,
                0.4215693900781498,
                0.06317886300898969,
                0.007373856475312292,
                0.0007619282880774182,
                9.996174868417935e-05,
                0.00023424354247250244,
                0.0012223983452060183,
                0.004313738188550814,
                0.010151299751782588,
                0.01656155492273418,
                0.02177129112692356,
                0.03267611780921846,
                0.06453949966181761,
                0.12701712680707736,
                0.20764586388502296,
                0.27203150982759816,
                0.28885241580745147,
                0.2508925288242704,
                0.175939961030173,
                0.09926953709604183,
                0.050181476659380934,
                0.03166951904250383,
                0.036420945235099866,
                0.07414989146732356,
                0.17372178653915923,
                0.35077903013274936,
                0.5545376132542631,
                0.6716965267555158,
                0.6296442221675703,
                0.46950947106477703,
                0.28769202068389377,
                0.14723824846934186,
                0.0618691447894327,
                0.020456029300360102,
                0.005084079917074643,
                0.0009157257525420703,
                0.0001163803198274588,
                1.0234992643642389e-05,
                6.139726656220585e-07,
                2.4859780559415364e-08,
                6.742956544541063e-10,
                1.2186918849173217e-11,
                1.4622424996706236e-13,
                1.1617658149934524e-15,
                6.101420338578036e-18,
                2.1156051956983767e-20,
                4.839168953155821e-23,
                7.297796432851844e-26,
                7.253135432409488e-29,
                4.749559103748839e-32,
                2.048757529190973e-35,
                5.820747238784503e-39,
                1.0891214130896393e-42,
                1.3420039842984413e-46,
                1.0889058983489153e-50,
                5.8179638758078365e-55,
                2.0468459432953206e-59,
                4.741602269235511e-64,
                7.232449903708428e-69,
                7.263771086033831e-74,
                4.8034406167076164e-79,
                2.091482403199198e-84,
                5.9960608996841975e-90,
                1.1318446323341849e-95,
                1.4067462975915747e-101,
                1.1512042091578494e-107,
                6.202919886076155e-114,
                2.2006293178776693e-120,
                5.140487664681894e-127,
                7.906209099387561e-134,
                8.006426209086222e-141,
                5.3384535242002404e-148,
                2.3436811032990524e-155,
                6.77466489790591e-163,
                1.2893871371168551e-170,
                1.6157904645338522e-178,
                1.3331926892746722e-186,
                7.242807937999848e-195,
                2.5907599097204414e-203,
                6.10173741704657e-212,
                9.462066646293114e-221,
                9.661056675909227e-230,
                6.494854005079741e-239,
                2.874883768071567e-248,
                8.378713128975772e-258,
                1.6078313173789024e-267,
                2.0314670244291944e-277,
                1.6899941494721528e-287,
                9.256925220462615e-298,
                3.3385235153281474e-308,
                7.92773e-319
            ],
            "actualIsThisClassMedian": 0.9570792450603974,
            "actualIsNotThisClassMedian": 0.04506376175580786
        }
    },
    "calibrationData": [
        {
            "y": 0,
            "x": 0,
            "n": 0
        },
        {
            "y": 0.0,
            "x": 0.04511276534598948,
            "n": 1516.0
        },
        {
            "y": 0.0,
            "x": 0.1869536198474793,
            "n": 1.0
        },
        {
            "y": 0.0,
            "x": 0.2499605917193623,
            "n": 25.0
        },
        {
            "y": 0.0,
            "x": 0.36562709401185334,
            "n": 56.0
        },
        {
            "y": 0.0,
            "x": 0.40367913912751213,
            "n": 1.0
        },
        {
            "y": 1.0,
            "x": 0.7347192662892938,
            "n": 6.0
        },
        {
            "y": 1.0,
            "x": 0.8536448442023974,
            "n": 16.0
        },
        {
            "y": 1.0,
            "x": 0.9572747985154788,
            "n": 139.0
        },
        {
            "y": 1,
            "x": 1,
            "n": 0
        }
    ],
    "probaDistribData": {
        "bins": [
            0.0,
            0.1,
            0.2,
            0.3,
            0.4,
            0.5,
            0.6,
            0.7,
            0.8,
            0.9,
            1.0
        ],
        "probaDistribs": [
            [
                1516.0,
                1.0,
                25.0,
                56.0,
                1.0,
                0.0,
                0.0,
                0.0,
                0.0,
                0.0
            ],
            [
                0.0,
                0.0,
                0.0,
                0.0,
                0.0,
                0.0,
                0.0,
                6.0,
                16.0,
                139.0
            ]
        ]
    },
    "globalMetrics": {
        "testWeight": 1760,
        "targetAvg": [
            0.09147727272727273
        ],
        "targetStd": [
            0.28836856498729213
        ],
        "predictionAvg": [
            0.09147727272727273
        ],
        "predictionStd": [
            0.28828663045943165
        ]
    }
}