{
  "state": "DONE",
  "preSearchDescription": {
    "gridLength": 2,
    "searchStrategy": "GRID",
    "importantParams": [
      {
        "name": "trees",
        "vals": [
          "100"
        ]
      },
      {
        "name": "depth",
        "vals": [
          "6",
          "13"
        ]
      },
      {
        "name": "min_samples",
        "vals": [
          "1"
        ]
      }
    ]
  },
  "postSearchDescription": {
    "importantParams": [
      {
        "name": "trees",
        "val": "100"
      },
      {
        "name": "depth",
        "val": "6"
      },
      {
        "name": "min_samples",
        "val": "1"
      }
    ]
  },
  "resumed": false,
  "timeOrderingEnabled": false,
  "sampleWeightsEnabled": false,
  "modelId": "m1",
  "progress": {
    "top_level_todo": [],
    "stack": [],
    "top_level_done": [
      {
        "name": "Loading train set",
        "time": 213
      },
      {
        "name": "Loading test set",
        "time": 20
      },
      {
        "name": "Collecting statistics",
        "time": 34
      },
      {
        "name": "Preprocessing train set",
        "time": 51
      },
      {
        "name": "Preprocessing test set",
        "time": 27
      },
      {
        "name": "Hyperparameter searching",
        "time": 6064
      },
      {
        "name": "Fitting model",
        "time": 345
      },
      {
        "name": "Saving model",
        "time": 152
      },
      {
        "name": "Scoring model",
        "time": 662
      },
      {
        "name": "Preparing explainability",
        "time": 4145
      }
    ]
  },
  "startTime": 1769105183576,
  "endTime": 1769105195293,
  "preprocessingTime": 347,
  "trainingTime": 11370,
  "hyperparamsSearchTime": 6064,
  "pythonVersion": "3.9.21",
  "packagesVersion": {
    "pandas": "2.2.3",
    "scikit-learn": "1.5.2",
    "scipy": "1.13.1",
    "lightgbm": "4.6.0",
    "flask": "2.2.5",
    "itsdangerous": "2.2.0",
    "jinja2": "3.1.6",
    "xgboost": "1.7.6",
    "werkzeug": "3.1.3",
    "statsmodels": "0.14.5",
    "pillow": "11.3.0",
    "markupsafe": "3.0.2",
    "cloudpickle": "1.5.0"
  }
}