[
    {
        "test_score_gib": 1.0,
        "train_score": 1.0,
        "test_score": 1.0,
        "num_samples": 1418,
        "fit_time": 98,
        "score_time": 64,
        "time": 162,
        "parameters": {
            "booster": "gbtree",
            "colsample_bylevel": 1.0,
            "colsample_bytree": 1.0,
            "gamma": 0.0,
            "learning_rate": 0.2,
            "max_delta_step": 0.0,
            "max_depth": 3,
            "min_child_weight": 1.0,
            "reg_alpha": 0.0,
            "reg_lambda": 1.0,
            "subsample": 1.0
        },
        "done_at": 1769105775493,
        "split_id": 0,
        "best_iteration": 0
    },
    {
        "test_score_gib": 1.0,
        "train_score": 1.0,
        "test_score": 1.0,
        "num_samples": 1417,
        "fit_time": 75,
        "score_time": 64,
        "time": 139,
        "parameters": {
            "booster": "gbtree",
            "colsample_bylevel": 1.0,
            "colsample_bytree": 1.0,
            "gamma": 0.0,
            "learning_rate": 0.2,
            "max_delta_step": 0.0,
            "max_depth": 3,
            "min_child_weight": 1.0,
            "reg_alpha": 0.0,
            "reg_lambda": 1.0,
            "subsample": 1.0
        },
        "done_at": 1769105775472,
        "split_id": 1,
        "best_iteration": 0
    },
    {
        "test_score_gib": 1.0,
        "train_score": 1.0,
        "test_score": 1.0,
        "num_samples": 1417,
        "fit_time": 79,
        "score_time": 63,
        "time": 142,
        "parameters": {
            "booster": "gbtree",
            "colsample_bylevel": 1.0,
            "colsample_bytree": 1.0,
            "gamma": 0.0,
            "learning_rate": 0.2,
            "max_delta_step": 0.0,
            "max_depth": 3,
            "min_child_weight": 1.0,
            "reg_alpha": 0.0,
            "reg_lambda": 1.0,
            "subsample": 1.0
        },
        "done_at": 1769105775479,
        "split_id": 2,
        "best_iteration": 0
    },
    {
        "test_score_gib": 1.0,
        "train_score": 1.0,
        "test_score": 1.0,
        "num_samples": 1417,
        "fit_time": 77,
        "score_time": 45,
        "time": 122,
        "parameters": {
            "booster": "gbtree",
            "colsample_bylevel": 1.0,
            "colsample_bytree": 1.0,
            "gamma": 0.0,
            "learning_rate": 0.2,
            "max_delta_step": 0.0,
            "max_depth": 3,
            "min_child_weight": 1.0,
            "reg_alpha": 0.0,
            "reg_lambda": 1.0,
            "subsample": 1.0
        },
        "done_at": 1769105775460,
        "split_id": 3,
        "best_iteration": 0
    },
    {
        "test_score_gib": 1.0,
        "train_score": 1.0,
        "test_score": 1.0,
        "num_samples": 1417,
        "fit_time": 115,
        "score_time": 15,
        "time": 130,
        "parameters": {
            "booster": "gbtree",
            "colsample_bylevel": 1.0,
            "colsample_bytree": 1.0,
            "gamma": 0.0,
            "learning_rate": 0.2,
            "max_delta_step": 0.0,
            "max_depth": 3,
            "min_child_weight": 1.0,
            "reg_alpha": 0.0,
            "reg_lambda": 1.0,
            "subsample": 1.0
        },
        "done_at": 1769105775595,
        "split_id": 4,
        "best_iteration": 0
    }
]