{
    "modelInputNRows": 7086,
    "modelInputNCols": 132,
    "modelInputIsSparse": true,
    "modelInputMemory": 708604,
    "usedGridSearch": true,
    "gridSize": 1,
    "gridBestScore": 1.0,
    "gridCells": [
        {
            "params": {
                "booster": "gbtree",
                "colsample_bylevel": 1.0,
                "colsample_bytree": 1.0,
                "gamma": 0.0,
                "learning_rate": 0.2,
                "max_delta_step": 0.0,
                "max_depth": 3,
                "min_child_weight": 1.0,
                "reg_alpha": 0.0,
                "reg_lambda": 1.0,
                "subsample": 1.0,
                "n_estimators": 1
            },
            "score": 1.0,
            "scoreStd": 0.0,
            "fitTime": 0.0888,
            "fitTimeStd": 0.015471263684650974,
            "scoreTime": 0.0502,
            "scoreTimeStd": 0.019030501832584448
        }
    ],
    "rawImportance": {
        "variables": [
            "Source_IP_int",
            "dummy:Status:Success"
        ],
        "importances": [
            0.11263573914766312,
            0.8873642683029175
        ]
    },
    "probaAware": true
}