{
    "metrics": {},
    "processed_feature_names": [
        "Source_IP_int",
        "Destination_IP_int",
        "Payload_Size",
        "dummy:Status:Success",
        "dummy:Status:Failure",
        "dummy:Status:N/A",
        "dummy:Status:__Others__",
        "dummy:Request_Type:SMTP",
        "dummy:Request_Type:HTTP",
        "dummy:Request_Type:Telnet",
        "dummy:Request_Type:FTP",
        "dummy:Request_Type:DNS",
        "dummy:Request_Type:SSH",
        "dummy:Request_Type:HTTPS",
        "dummy:Request_Type:N/A",
        "dummy:Request_Type:__Others__",
        "dummy:country_code_1:US",
        "dummy:country_code_1:CN",
        "dummy:country_code_1:JP",
        "dummy:country_code_1:DE",
        "dummy:country_code_1:KR",
        "dummy:country_code_1:GB",
        "dummy:country_code_1:BR",
        "dummy:country_code_1:CA",
        "dummy:country_code_1:FR",
        "dummy:country_code_1:AU",
        "dummy:country_code_1:IT",
        "dummy:country_code_1:NL",
        "dummy:country_code_1:IN",
        "dummy:country_code_1:RU",
        "dummy:country_code_1:TW",
        "dummy:country_code_1:ZA",
        "dummy:country_code_1:MX",
        "dummy:country_code_1:SE",
        "dummy:country_code_1:EG",
        "dummy:country_code_1:ES",
        "dummy:country_code_1:HK",
        "dummy:country_code_1:CH",
        "dummy:country_code_1:SG",
        "dummy:country_code_1:CO",
        "dummy:country_code_1:PL",
        "dummy:country_code_1:AR",
        "dummy:country_code_1:TR",
        "dummy:country_code_1:ID",
        "dummy:country_code_1:VN",
        "dummy:country_code_1:FI",
        "dummy:country_code_1:BE",
        "dummy:country_code_1:NO",
        "dummy:country_code_1:CL",
        "dummy:country_code_1:DK",
        "dummy:country_code_1:TH",
        "dummy:country_code_1:IL",
        "dummy:country_code_1:IE",
        "dummy:country_code_1:AT",
        "dummy:country_code_1:NZ",
        "dummy:country_code_1:TN",
        "dummy:country_code_1:MA",
        "dummy:country_code_1:SA",
        "dummy:country_code_1:CZ",
        "dummy:country_code_1:UA",
        "dummy:country_code_1:KE",
        "dummy:country_code_1:PK",
        "dummy:country_code_1:DZ",
        "dummy:country_code_1:MY",
        "dummy:country_code_1:MU",
        "dummy:country_code_1:AE",
        "dummy:country_code_1:IR",
        "dummy:country_code_1:GR",
        "dummy:country_code_1:EC",
        "dummy:country_code_1:PT",
        "dummy:country_code_1:VE",
        "dummy:country_code_1:BG",
        "dummy:country_code_1:PH",
        "dummy:country_code_1:RO",
        "dummy:country_code_1:HU",
        "dummy:country_code_1:CI",
        "dummy:country_code_1:UY",
        "dummy:country_code_1:GH",
        "dummy:country_code_1:CR",
        "dummy:country_code_1:SI",
        "dummy:country_code_1:PE",
        "dummy:country_code_1:NG",
        "dummy:country_code_1:HR",
        "dummy:country_code_1:BD",
        "dummy:country_code_1:RS",
        "dummy:country_code_1:LV",
        "dummy:country_code_1:PA",
        "dummy:country_code_1:EE",
        "dummy:country_code_1:AO",
        "dummy:country_code_1:DO",
        "dummy:country_code_1:SK",
        "dummy:country_code_1:LT",
        "dummy:country_code_1:SD",
        "dummy:country_code_1:LB",
        "dummy:country_code_1:KW",
        "dummy:country_code_1:LU",
        "dummy:country_code_1:GI",
        "dummy:country_code_1:GT",
        "dummy:country_code_1:GA",
        "dummy:country_code_1:UZ",
        "dummy:country_code_1:MK",
        "dummy:country_code_1:KG",
        "dummy:country_code_1:PS",
        "dummy:country_code_1:MT",
        "dummy:country_code_1:GM",
        "dummy:country_code_1:BA",
        "dummy:country_code_1:BB",
        "dummy:country_code_1:CU",
        "dummy:country_code_1:CY",
        "dummy:country_code_1:ET",
        "dummy:country_code_1:AM",
        "dummy:country_code_1:LK",
        "dummy:country_code_1:KZ",
        "dummy:country_code_1:QA",
        "dummy:country_code_1:SV",
        "dummy:country_code_1:TG",
        "dummy:country_code_1:TZ",
        "dummy:country_code_1:N/A",
        "dummy:country_code_1:__Others__",
        "dummy:User_Agent:nmap/7.80",
        "dummy:User_Agent:curl/7.68.0",
        "dummy:User_Agent:Wget/1.20.3",
        "dummy:User_Agent:Mozilla/5.0",
        "dummy:User_Agent:Nikto/2.1.6",
        "dummy:User_Agent:python-requests/2.25.1",
        "dummy:User_Agent:N/A",
        "dummy:User_Agent:__Others__",
        "dummy:Protocol:ICMP",
        "dummy:Protocol:UDP",
        "dummy:Protocol:TCP",
        "dummy:Protocol:N/A",
        "dummy:Protocol:__Others__"
    ],
    "optimalThreshold": 0.425,
    "usedThreshold": 0.425,
    "perCutData": {
        "cut": [
            0.0,
            0.025,
            0.05,
            0.075,
            0.1,
            0.125,
            0.15,
            0.175,
            0.2,
            0.225,
            0.25,
            0.275,
            0.3,
            0.325,
            0.35,
            0.375,
            0.4,
            0.425,
            0.45,
            0.475,
            0.5,
            0.525,
            0.55,
            0.575,
            0.6,
            0.625,
            0.65,
            0.675,
            0.7,
            0.725,
            0.75,
            0.775,
            0.8,
            0.825,
            0.85,
            0.875,
            0.9,
            0.925,
            0.95,
            0.975
        ],
        "tp": [
            161,
            161,
            161,
            161,
            161,
            161,
            161,
            161,
            161,
            161,
            161,
            161,
            161,
            161,
            161,
            161,
            161,
            161,
            161,
            161,
            161,
            161,
            161,
            161,
            0,
            0,
            0,
            0,
            0,
            0,
            0,
            0,
            0,
            0,
            0,
            0,
            0,
            0,
            0,
            0
        ],
        "tn": [
            0,
            0,
            0,
            0,
            0,
            0,
            0,
            0,
            0,
            0,
            0,
            0,
            0,
            0,
            0,
            0,
            0,
            1599,
            1599,
            1599,
            1599,
            1599,
            1599,
            1599,
            1599,
            1599,
            1599,
            1599,
            1599,
            1599,
            1599,
            1599,
            1599,
            1599,
            1599,
            1599,
            1599,
            1599,
            1599,
            1599
        ],
        "fp": [
            1599,
            1599,
            1599,
            1599,
            1599,
            1599,
            1599,
            1599,
            1599,
            1599,
            1599,
            1599,
            1599,
            1599,
            1599,
            1599,
            1599,
            0,
            0,
            0,
            0,
            0,
            0,
            0,
            0,
            0,
            0,
            0,
            0,
            0,
            0,
            0,
            0,
            0,
            0,
            0,
            0,
            0,
            0,
            0
        ],
        "fn": [
            0,
            0,
            0,
            0,
            0,
            0,
            0,
            0,
            0,
            0,
            0,
            0,
            0,
            0,
            0,
            0,
            0,
            0,
            0,
            0,
            0,
            0,
            0,
            0,
            161,
            161,
            161,
            161,
            161,
            161,
            161,
            161,
            161,
            161,
            161,
            161,
            161,
            161,
            161,
            161
        ],
        "precision": [
            0.09147727272727273,
            0.09147727272727273,
            0.09147727272727273,
            0.09147727272727273,
            0.09147727272727273,
            0.09147727272727273,
            0.09147727272727273,
            0.09147727272727273,
            0.09147727272727273,
            0.09147727272727273,
            0.09147727272727273,
            0.09147727272727273,
            0.09147727272727273,
            0.09147727272727273,
            0.09147727272727273,
            0.09147727272727273,
            0.09147727272727273,
            1.0,
            1.0,
            1.0,
            1.0,
            1.0,
            1.0,
            1.0,
            0.0,
            0.0,
            0.0,
            0.0,
            0.0,
            0.0,
            0.0,
            0.0,
            0.0,
            0.0,
            0.0,
            0.0,
            0.0,
            0.0,
            0.0,
            0.0
        ],
        "recall": [
            1.0,
            1.0,
            1.0,
            1.0,
            1.0,
            1.0,
            1.0,
            1.0,
            1.0,
            1.0,
            1.0,
            1.0,
            1.0,
            1.0,
            1.0,
            1.0,
            1.0,
            1.0,
            1.0,
            1.0,
            1.0,
            1.0,
            1.0,
            1.0,
            0.0,
            0.0,
            0.0,
            0.0,
            0.0,
            0.0,
            0.0,
            0.0,
            0.0,
            0.0,
            0.0,
            0.0,
            0.0,
            0.0,
            0.0,
            0.0
        ],
        "accuracy": [
            0.09147727272727273,
            0.09147727272727273,
            0.09147727272727273,
            0.09147727272727273,
            0.09147727272727273,
            0.09147727272727273,
            0.09147727272727273,
            0.09147727272727273,
            0.09147727272727273,
            0.09147727272727273,
            0.09147727272727273,
            0.09147727272727273,
            0.09147727272727273,
            0.09147727272727273,
            0.09147727272727273,
            0.09147727272727273,
            0.09147727272727273,
            1.0,
            1.0,
            1.0,
            1.0,
            1.0,
            1.0,
            1.0,
            0.9085227272727273,
            0.9085227272727273,
            0.9085227272727273,
            0.9085227272727273,
            0.9085227272727273,
            0.9085227272727273,
            0.9085227272727273,
            0.9085227272727273,
            0.9085227272727273,
            0.9085227272727273,
            0.9085227272727273,
            0.9085227272727273,
            0.9085227272727273,
            0.9085227272727273,
            0.9085227272727273,
            0.9085227272727273
        ],
        "f1": [
            0.16762103071317022,
            0.16762103071317022,
            0.16762103071317022,
            0.16762103071317022,
            0.16762103071317022,
            0.16762103071317022,
            0.16762103071317022,
            0.16762103071317022,
            0.16762103071317022,
            0.16762103071317022,
            0.16762103071317022,
            0.16762103071317022,
            0.16762103071317022,
            0.16762103071317022,
            0.16762103071317022,
            0.16762103071317022,
            0.16762103071317022,
            1.0,
            1.0,
            1.0,
            1.0,
            1.0,
            1.0,
            1.0,
            0.0,
            0.0,
            0.0,
            0.0,
            0.0,
            0.0,
            0.0,
            0.0,
            0.0,
            0.0,
            0.0,
            0.0,
            0.0,
            0.0,
            0.0,
            0.0
        ],
        "mcc": [
            0.0,
            0.0,
            0.0,
            0.0,
            0.0,
            0.0,
            0.0,
            0.0,
            0.0,
            0.0,
            0.0,
            0.0,
            0.0,
            0.0,
            0.0,
            0.0,
            0.0,
            1.0,
            1.0,
            1.0,
            1.0,
            1.0,
            1.0,
            1.0,
            0.0,
            0.0,
            0.0,
            0.0,
            0.0,
            0.0,
            0.0,
            0.0,
            0.0,
            0.0,
            0.0,
            0.0,
            0.0,
            0.0,
            0.0,
            0.0
        ],
        "hammingLoss": [
            0.9085227272727273,
            0.9085227272727273,
            0.9085227272727273,
            0.9085227272727273,
            0.9085227272727273,
            0.9085227272727273,
            0.9085227272727273,
            0.9085227272727273,
            0.9085227272727273,
            0.9085227272727273,
            0.9085227272727273,
            0.9085227272727273,
            0.9085227272727273,
            0.9085227272727273,
            0.9085227272727273,
            0.9085227272727273,
            0.9085227272727273,
            0.0,
            0.0,
            0.0,
            0.0,
            0.0,
            0.0,
            0.0,
            0.09147727272727268,
            0.09147727272727268,
            0.09147727272727268,
            0.09147727272727268,
            0.09147727272727268,
            0.09147727272727268,
            0.09147727272727268,
            0.09147727272727268,
            0.09147727272727268,
            0.09147727272727268,
            0.09147727272727268,
            0.09147727272727268,
            0.09147727272727268,
            0.09147727272727268,
            0.09147727272727268,
            0.09147727272727268
        ],
        "assertionsMetrics": [],
        "overridesMetrics": []
    },
    "tiMetrics": {
        "auc": 1.0,
        "logLoss": 0.5134230912343758,
        "lift": 2.5,
        "averagePrecision": 1.0,
        "calibrationLoss": 0.4015562667426738
    },
    "probaPercentiles": [
        0.4014260768890381,
        0.4014260768890381,
        0.4014260768890381,
        0.4014260768890381,
        0.4014260768890381,
        0.4014260768890381,
        0.4014260768890381,
        0.4014260768890381,
        0.4014260768890381,
        0.4014260768890381,
        0.4014260768890381,
        0.4014260768890381,
        0.4014260768890381,
        0.4014260768890381,
        0.4014260768890381,
        0.4014260768890381,
        0.4014260768890381,
        0.4014260768890381,
        0.4014260768890381,
        0.4014260768890381,
        0.4014260768890381,
        0.4014260768890381,
        0.4014260768890381,
        0.4014260768890381,
        0.4014260768890381,
        0.4014260768890381,
        0.4014260768890381,
        0.4014260768890381,
        0.4014260768890381,
        0.4014260768890381,
        0.4014260768890381,
        0.4014260768890381,
        0.4014260768890381,
        0.4014260768890381,
        0.4014260768890381,
        0.4014260768890381,
        0.4014260768890381,
        0.4014260768890381,
        0.4014260768890381,
        0.4014260768890381,
        0.4014260768890381,
        0.4014260768890381,
        0.4014260768890381,
        0.4014260768890381,
        0.4014260768890381,
        0.4014260768890381,
        0.4014260768890381,
        0.4014260768890381,
        0.4014260768890381,
        0.4014260768890381,
        0.4014260768890381,
        0.4014260768890381,
        0.4014260768890381,
        0.4014260768890381,
        0.4014260768890381,
        0.4014260768890381,
        0.4014260768890381,
        0.4014260768890381,
        0.4014260768890381,
        0.4014260768890381,
        0.4014260768890381,
        0.4014260768890381,
        0.4014260768890381,
        0.4014260768890381,
        0.4014260768890381,
        0.4014260768890381,
        0.4014260768890381,
        0.4014260768890381,
        0.4014260768890381,
        0.4014260768890381,
        0.4014260768890381,
        0.4014260768890381,
        0.4014260768890381,
        0.4014260768890381,
        0.4014260768890381,
        0.4014260768890381,
        0.4014260768890381,
        0.4014260768890381,
        0.4014260768890381,
        0.4014260768890381,
        0.4014260768890381,
        0.4014260768890381,
        0.4014260768890381,
        0.4014260768890381,
        0.4014260768890381,
        0.4014260768890381,
        0.4035603404045105,
        0.4035603404045105,
        0.4035603404045105,
        0.4035603404045105,
        0.5963462591171265,
        0.5975905656814575,
        0.5983912944793701,
        0.5983912944793701,
        0.5983912944793701,
        0.5983912944793701,
        0.5984675884246826,
        0.5984675884246826,
        0.5984675884246826
    ],
    "rocVizData": [
        [
            {
                "x": 0.0,
                "y": 0.0,
                "p": 1.5984675884246826
            },
            {
                "x": 0.0,
                "y": 0.43478260869565216,
                "p": 0.5984675884246826
            },
            {
                "x": 0.0,
                "y": 0.8509316770186336,
                "p": 0.5983912944793701
            },
            {
                "x": 0.0,
                "y": 0.9565217391304348,
                "p": 0.5975905656814575
            },
            {
                "x": 0.05190744215134459,
                "y": 1.0,
                "p": 0.4035603404045105
            },
            {
                "x": 1.0,
                "y": 1.0,
                "p": 0.4014260768890381
            }
        ]
    ],
    "liftVizData": {
        "bins": [
            {
                "bin_pos_prop": 0.0914772727,
                "bin_lift": 1.0,
                "cum_lift": 1.0,
                "cum_size": 1.0,
                "bin_min": 0.4014260769,
                "bin_max": 0.5984675884,
                "percentile_idx": 0
            }
        ],
        "wizard": {
            "positives": 161,
            "total": 1760
        }
    },
    "prVizData": [
        {
            "bins": [
                {
                    "x": 1.0,
                    "y": 0.09147727272727273,
                    "p": 0.4014260768890381
                },
                {
                    "x": 1.0,
                    "y": 0.6598360655737705,
                    "p": 0.4035603404045105
                },
                {
                    "x": 1.0,
                    "y": 1.0,
                    "p": 0.5963462591171265
                },
                {
                    "x": 0.8509316770186336,
                    "y": 1.0,
                    "p": 0.5983912944793701
                },
                {
                    "x": 0.43478260869565216,
                    "y": 1.0,
                    "p": 0.5984675884246826
                }
            ],
            "positiveRate": 0.09147727272727273
        }
    ],
    "densityData": {
        "0": {
            "actualIsThisClass": [
                0.0,
                0.0,
                0.0,
                0.0,
                0.0,
                0.0,
                0.0,
                0.0,
                0.0,
                0.0,
                0.0,
                0.0,
                0.0,
                0.0,
                0.0,
                0.0,
                0.0,
                0.0,
                0.0,
                0.0,
                0.0,
                0.0,
                0.0,
                0.0,
                0.0,
                0.0,
                0.0,
                0.0,
                0.0,
                0.0,
                0.0,
                0.0,
                0.0,
                0.0,
                0.0,
                0.0,
                0.0,
                0.0,
                0.0,
                0.0,
                0.0,
                0.0,
                0.0,
                0.0,
                0.0,
                0.0,
                0.0,
                0.0,
                0.0,
                0.0,
                0.0,
                0.0,
                0.0,
                0.0,
                0.0,
                0.0,
                0.0,
                0.0,
                0.0,
                0.019569756669035127,
                0.0,
                0.0,
                0.0,
                0.0,
                0.0,
                0.0,
                0.0,
                0.0,
                0.0,
                0.0,
                0.0,
                0.0,
                0.0,
                0.0,
                0.0,
                0.0,
                0.0,
                0.0,
                0.0,
                0.0,
                0.0,
                0.0,
                0.0,
                0.0,
                0.0,
                0.0,
                0.0,
                0.0,
                0.0,
                0.0,
                0.0,
                0.0,
                0.0,
                0.0,
                0.0,
                0.0,
                0.0,
                0.0,
                0.0,
                0.0
            ],
            "actualIsNotThisClass": [
                0.0,
                0.0,
                0.0,
                0.0,
                0.0,
                0.0,
                0.0,
                0.0,
                0.0,
                0.0,
                0.0,
                0.0,
                0.0,
                0.0,
                0.0,
                0.0,
                0.0,
                0.0,
                0.0,
                0.0,
                0.0,
                0.0,
                0.0,
                0.0,
                0.0,
                0.0,
                0.0,
                0.0,
                0.0,
                0.0,
                0.0,
                0.0,
                0.0,
                0.0,
                0.0,
                0.0,
                0.0,
                0.0,
                0.0,
                0.0,
                10.105011080690081,
                0.0,
                0.0,
                0.0,
                0.0,
                0.0,
                0.0,
                0.0,
                0.0,
                0.0,
                0.0,
                0.0,
                0.0,
                0.0,
                0.0,
                0.0,
                0.0,
                0.0,
                0.0,
                0.0,
                0.0,
                0.0,
                0.0,
                0.0,
                0.0,
                0.0,
                0.0,
                0.0,
                0.0,
                0.0,
                0.0,
                0.0,
                0.0,
                0.0,
                0.0,
                0.0,
                0.0,
                0.0,
                0.0,
                0.0,
                0.0,
                0.0,
                0.0,
                0.0,
                0.0,
                0.0,
                0.0,
                0.0,
                0.0,
                0.0,
                0.0,
                0.0,
                0.0,
                0.0,
                0.0,
                0.0,
                0.0,
                0.0,
                0.0,
                0.0
            ],
            "actualIsThisClassMedian": 0.5985739231109619,
            "actualIsNotThisClassMedian": 0.4016087055206299
        },
        "1": {
            "actualIsThisClass": [
                0.0,
                0.0,
                0.0,
                0.0,
                0.0,
                0.0,
                0.0,
                0.0,
                0.0,
                0.0,
                0.0,
                0.0,
                0.0,
                0.0,
                0.0,
                0.0,
                0.0,
                0.0,
                0.0,
                0.0,
                0.0,
                0.0,
                0.0,
                0.0,
                0.0,
                0.0,
                0.0,
                0.0,
                0.0,
                0.0,
                0.0,
                0.0,
                0.0,
                0.0,
                0.0,
                0.0,
                0.0,
                0.0,
                0.0,
                0.0,
                0.0,
                0.0,
                0.0,
                0.0,
                0.0,
                0.0,
                0.0,
                0.0,
                0.0,
                0.0,
                0.0,
                0.0,
                0.0,
                0.0,
                0.0,
                0.0,
                0.0,
                0.0,
                0.0,
                10.10501108069648,
                0.0,
                0.0,
                0.0,
                0.0,
                0.0,
                0.0,
                0.0,
                0.0,
                0.0,
                0.0,
                0.0,
                0.0,
                0.0,
                0.0,
                0.0,
                0.0,
                0.0,
                0.0,
                0.0,
                0.0,
                0.0,
                0.0,
                0.0,
                0.0,
                0.0,
                0.0,
                0.0,
                0.0,
                0.0,
                0.0,
                0.0,
                0.0,
                0.0,
                0.0,
                0.0,
                0.0,
                0.0,
                0.0,
                0.0,
                0.0
            ],
            "actualIsNotThisClass": [
                0.0,
                0.0,
                0.0,
                0.0,
                0.0,
                0.0,
                0.0,
                0.0,
                0.0,
                0.0,
                0.0,
                0.0,
                0.0,
                0.0,
                0.0,
                0.0,
                0.0,
                0.0,
                0.0,
                0.0,
                0.0,
                0.0,
                0.0,
                0.0,
                0.0,
                0.0,
                0.0,
                0.0,
                0.0,
                0.0,
                0.0,
                0.0,
                0.0,
                0.0,
                0.0,
                0.0,
                0.0,
                0.0,
                0.0,
                0.0,
                0.019569756668994697,
                0.0,
                0.0,
                0.0,
                0.0,
                0.0,
                0.0,
                0.0,
                0.0,
                0.0,
                0.0,
                0.0,
                0.0,
                0.0,
                0.0,
                0.0,
                0.0,
                0.0,
                0.0,
                0.0,
                0.0,
                0.0,
                0.0,
                0.0,
                0.0,
                0.0,
                0.0,
                0.0,
                0.0,
                0.0,
                0.0,
                0.0,
                0.0,
                0.0,
                0.0,
                0.0,
                0.0,
                0.0,
                0.0,
                0.0,
                0.0,
                0.0,
                0.0,
                0.0,
                0.0,
                0.0,
                0.0,
                0.0,
                0.0,
                0.0,
                0.0,
                0.0,
                0.0,
                0.0,
                0.0,
                0.0,
                0.0,
                0.0,
                0.0,
                0.0
            ],
            "actualIsThisClassMedian": 0.5983912944793701,
            "actualIsNotThisClassMedian": 0.4014260768890381
        }
    },
    "calibrationData": [
        {
            "y": 0,
            "x": 0,
            "n": 0
        },
        {
            "y": 0.0,
            "x": 0.4015368610490032,
            "n": 1599.0
        },
        {
            "y": 1.0,
            "x": 0.5982510021754673,
            "n": 161.0
        },
        {
            "y": 1,
            "x": 1,
            "n": 0
        }
    ],
    "probaDistribData": {
        "bins": [
            0.0,
            0.1,
            0.2,
            0.3,
            0.4,
            0.5,
            0.6,
            0.7,
            0.8,
            0.9,
            1.0
        ],
        "probaDistribs": [
            [
                0.0,
                0.0,
                0.0,
                0.0,
                1599.0,
                0.0,
                0.0,
                0.0,
                0.0,
                0.0
            ],
            [
                0.0,
                0.0,
                0.0,
                0.0,
                0.0,
                161.0,
                0.0,
                0.0,
                0.0,
                0.0
            ]
        ]
    },
    "globalMetrics": {
        "testWeight": 1760,
        "targetAvg": [
            0.09147727272727273
        ],
        "targetStd": [
            0.28836856498729213
        ],
        "predictionAvg": [
            0.09147727272727273
        ],
        "predictionStd": [
            0.28828663045943165
        ]
    }
}