{
    "predictedClassCountPerCut": [
        {
            "1": 1760
        },
        {
            "1": 1760
        },
        {
            "1": 1760
        },
        {
            "1": 1760
        },
        {
            "1": 1760
        },
        {
            "1": 1760
        },
        {
            "1": 1760
        },
        {
            "1": 1760
        },
        {
            "1": 1760
        },
        {
            "1": 1760
        },
        {
            "1": 1760
        },
        {
            "1": 1760
        },
        {
            "1": 1760
        },
        {
            "1": 1760
        },
        {
            "1": 1760
        },
        {
            "1": 1760
        },
        {
            "1": 1760
        },
        {
            "0": 1599,
            "1": 161
        },
        {
            "0": 1599,
            "1": 161
        },
        {
            "0": 1599,
            "1": 161
        },
        {
            "0": 1599,
            "1": 161
        },
        {
            "0": 1599,
            "1": 161
        },
        {
            "0": 1599,
            "1": 161
        },
        {
            "0": 1599,
            "1": 161
        },
        {
            "0": 1760
        },
        {
            "0": 1760
        },
        {
            "0": 1760
        },
        {
            "0": 1760
        },
        {
            "0": 1760
        },
        {
            "0": 1760
        },
        {
            "0": 1760
        },
        {
            "0": 1760
        },
        {
            "0": 1760
        },
        {
            "0": 1760
        },
        {
            "0": 1760
        },
        {
            "0": 1760
        },
        {
            "0": 1760
        },
        {
            "0": 1760
        },
        {
            "0": 1760
        },
        {
            "0": 1760
        }
    ],
    "cuts": [
        0.0,
        0.025,
        0.05,
        0.075,
        0.1,
        0.125,
        0.15,
        0.175,
        0.2,
        0.225,
        0.25,
        0.275,
        0.3,
        0.325,
        0.35,
        0.375,
        0.4,
        0.425,
        0.45,
        0.475,
        0.5,
        0.525,
        0.55,
        0.575,
        0.6,
        0.625,
        0.65,
        0.675,
        0.7,
        0.725,
        0.75,
        0.775,
        0.8,
        0.825,
        0.85,
        0.875,
        0.9,
        0.925,
        0.95,
        0.975
    ],
    "predictedClassCount": {
        "0": 1599,
        "1": 161
    },
    "probabilityDensities": {
        "0": {
            "density": [
                6.398257390478455e-193,
                2.3518963139393623e-183,
                4.933501227029721e-174,
                5.905737916697772e-165,
                4.0343753316727036e-156,
                1.5727621895537248e-147,
                3.498935843035243e-139,
                4.4421855291324986e-131,
                3.218451369862263e-123,
                1.3307259618447513e-115,
                3.1399572805397684e-108,
                4.228189457581826e-101,
                3.2492494007207564e-94,
                1.424990793361385e-87,
                3.5665158239807306e-81,
                5.094273155095042e-75,
                4.1526888585211244e-69,
                1.9319194287078707e-63,
                5.129378053589833e-58,
                7.77249428656671e-53,
                6.721719051252987e-48,
                3.3176390240373885e-43,
                9.345697107556714e-39,
                1.502565621690653e-34,
                1.378796591418927e-30,
                7.221348136507556e-27,
                2.1587112246213864e-23,
                3.6832944846688244e-20,
                3.587170633792061e-17,
                1.994114500329251e-14,
                6.327616086815347e-12,
                1.1461262185112806e-09,
                1.1850543502886844e-07,
                6.9947103236668695e-06,
                0.00023568937848323436,
                0.0045338105778815335,
                0.04979150610188506,
                0.3121996388730195,
                1.1176680218749733,
                2.284630815295275,
                2.6666314612091653,
                1.7773636807661177,
                0.6765192583460204,
                0.14706202063391963,
                0.018258500382624106,
                0.001294802124540826,
                5.245015219267588e-05,
                1.2137473405584644e-06,
                1.60466076651298e-08,
                1.2581114614849477e-10,
                1.0780349639502474e-09,
                1.4430005593006973e-07,
                1.1043554229517737e-05,
                0.00048294135862845215,
                0.012066228812012112,
                0.1722233832027418,
                1.4041425322509726,
                6.538636791017163,
                17.389288979831232,
                26.409476411633324,
                22.902814072499663,
                11.34069158695282,
                3.206158985816558,
                0.5174889010090236,
                0.04768320411477117,
                0.0025081775224747855,
                7.531154322149731e-05,
                1.2908001808731798e-06,
                1.2628043415613368e-08,
                7.051468206238127e-11,
                2.247386014940612e-13,
                4.088084323210512e-16,
                4.2442071868428065e-19,
                2.5147763573196986e-22,
                8.50394838187264e-26,
                1.641169785901915e-29,
                1.8075569082262945e-33,
                1.1361366769666374e-37,
                4.0753457669317934e-42,
                8.342366997898531e-47,
                9.74543439507323e-52,
                6.496758811909073e-57,
                2.4715695737339786e-62,
                5.36570443823362e-68,
                6.647464352784027e-74,
                4.699573774490566e-80,
                1.8959730815653935e-86,
                4.364910792135501e-93,
                5.734381000502308e-100,
                4.2989689715522565e-107,
                1.8391088993645856e-114,
                4.4896745518908276e-122,
                6.2543990193486775e-130,
                4.971858428029668e-138,
                2.2553481801050436e-146,
                5.838071795043118e-155,
                8.623541253475726e-164,
                7.268782868399227e-173,
                3.49620669290089e-182,
                9.596026238856817e-192
            ],
            "median": 0.5985739231109619
        },
        "1": {
            "density": [
                9.59602623885627e-192,
                3.49620669290089e-182,
                7.268782868400054e-173,
                8.623541253475726e-164,
                5.838071795043118e-155,
                2.2553481801051716e-146,
                4.971858428029668e-138,
                6.254399019349389e-130,
                4.4896745518908276e-122,
                1.8391088993645856e-114,
                4.298968971553112e-107,
                5.734381000502308e-100,
                4.364910792135873e-93,
                1.8959730815653935e-86,
                4.6995737744909666e-80,
                6.647464352783649e-74,
                5.365704438233772e-68,
                2.4715695737342593e-62,
                6.496758811909073e-57,
                9.745434395073783e-52,
                8.342366997898531e-47,
                4.0753457669319094e-42,
                1.136136676966605e-37,
                1.807556908226346e-33,
                1.6411697859020084e-29,
                8.50394838187264e-26,
                2.514776357319806e-22,
                4.2442071868428065e-19,
                4.088084323210657e-16,
                2.2473860149406917e-13,
                7.051468206238127e-11,
                1.2628043415613682e-08,
                1.2908001808731798e-06,
                7.531154322149892e-05,
                0.0025081775224747855,
                0.04768320411477185,
                0.5174889010090296,
                3.206158985816558,
                11.34069158695288,
                22.902814072499663,
                26.409476411633324,
                17.389288979831232,
                6.538636791017163,
                1.40414253225096,
                0.1722233832027418,
                0.01206622881201192,
                0.00048294135862845215,
                1.1043554229517502e-05,
                1.443000559300659e-07,
                1.0780349639502474e-09,
                1.2581114614849433e-10,
                1.6046607665130258e-08,
                1.2137473405584924e-06,
                5.245015219267579e-05,
                0.0012948021245408469,
                0.018258500382624106,
                0.14706202063392118,
                0.6765192583460204,
                1.7773636807661177,
                2.66663146120917,
                2.284630815295275,
                1.1176680218749673,
                0.3121996388730195,
                0.04979150610188449,
                0.0045338105778814615,
                0.00023568937848323436,
                6.99471032366672e-06,
                1.1850543502886865e-07,
                1.146126218511252e-09,
                6.327616086815347e-12,
                1.994114500329187e-14,
                3.587170633791908e-17,
                3.683294484668851e-20,
                2.1587112246212944e-23,
                7.221348136507556e-27,
                1.3787965914188878e-30,
                1.5025656216906102e-34,
                9.34569710755698e-39,
                3.3176390240373885e-43,
                6.721719051252987e-48,
                7.772494286566269e-53,
                5.129378053589833e-58,
                1.931919428707651e-63,
                4.1526888585210065e-69,
                5.094273155095042e-75,
                3.566515823980528e-81,
                1.4249907933613444e-87,
                3.2492494007204796e-94,
                4.228189457581826e-101,
                3.139957280539233e-108,
                1.3307259618447513e-115,
                3.218451369862263e-123,
                4.4421855291319935e-131,
                3.498935843035243e-139,
                1.572762189553546e-147,
                4.034375331672933e-156,
                5.905737916697772e-165,
                4.933501227029441e-174,
                2.3518963139393623e-183,
                6.398257390479182e-193
            ],
            "median": 0.4014260768890381
        }
    }
}