{
  "columns": [
    {"name":"Source_IP","type":"string","originalType":"text"},
    {"name":"Source_IP_int","type":"double","originalType":"float8"},
    {"name":"Destination_IP","type":"string","originalType":"text"},
    {"name":"Destination_IP_int","type":"double","originalType":"float8"},
    {"name":"Port","type":"int","originalType":"int4"},
    {"name":"Request_Type","type":"string","originalType":"text"},
    {"name":"Protocol","type":"string","originalType":"text"},
    {"name":"Payload_Size","type":"int","originalType":"int4"},
    {"name":"User_Agent","type":"string","originalType":"text"},
    {"name":"Status","type":"string","originalType":"text"},
    {"name":"Intrusion","type":"int","originalType":"int4"},
    {"name":"Scan_Type","type":"string","originalType":"text"},
    {"name":"country_code","type":"string","originalType":"text"},
    {"name":"country_code_1","type":"string","originalType":"text"}
  ],
  "userModified": true
}