{
  "trainedWithDSSVersion": "14.2.0",
  "backend": "PY_MEMORY",
  "isValid": true,
  "type": "BINARY_PROBABILISTIC",
  "algorithm_name": "FOREST_CLASSIFIER",
  "columns": [
    "Source_IP_int",
    "Destination_IP_int",
    "Payload_Size",
    "dummy:Status:Success",
    "dummy:Status:Failure",
    "dummy:Status:N/A",
    "dummy:Status:__Others__",
    "dummy:Request_Type:SMTP",
    "dummy:Request_Type:HTTP",
    "dummy:Request_Type:Telnet",
    "dummy:Request_Type:FTP",
    "dummy:Request_Type:DNS",
    "dummy:Request_Type:SSH",
    "dummy:Request_Type:HTTPS",
    "dummy:Request_Type:N/A",
    "dummy:Request_Type:__Others__",
    "dummy:country_code_1:US",
    "dummy:country_code_1:CN",
    "dummy:country_code_1:JP",
    "dummy:country_code_1:DE",
    "dummy:country_code_1:KR",
    "dummy:country_code_1:GB",
    "dummy:country_code_1:BR",
    "dummy:country_code_1:CA",
    "dummy:country_code_1:FR",
    "dummy:country_code_1:AU",
    "dummy:country_code_1:IT",
    "dummy:country_code_1:NL",
    "dummy:country_code_1:IN",
    "dummy:country_code_1:RU",
    "dummy:country_code_1:TW",
    "dummy:country_code_1:ZA",
    "dummy:country_code_1:MX",
    "dummy:country_code_1:SE",
    "dummy:country_code_1:EG",
    "dummy:country_code_1:ES",
    "dummy:country_code_1:HK",
    "dummy:country_code_1:CH",
    "dummy:country_code_1:SG",
    "dummy:country_code_1:CO",
    "dummy:country_code_1:PL",
    "dummy:country_code_1:AR",
    "dummy:country_code_1:TR",
    "dummy:country_code_1:ID",
    "dummy:country_code_1:VN",
    "dummy:country_code_1:FI",
    "dummy:country_code_1:BE",
    "dummy:country_code_1:NO",
    "dummy:country_code_1:CL",
    "dummy:country_code_1:DK",
    "dummy:country_code_1:TH",
    "dummy:country_code_1:IL",
    "dummy:country_code_1:IE",
    "dummy:country_code_1:AT",
    "dummy:country_code_1:NZ",
    "dummy:country_code_1:TN",
    "dummy:country_code_1:MA",
    "dummy:country_code_1:SA",
    "dummy:country_code_1:CZ",
    "dummy:country_code_1:UA",
    "dummy:country_code_1:KE",
    "dummy:country_code_1:PK",
    "dummy:country_code_1:DZ",
    "dummy:country_code_1:MY",
    "dummy:country_code_1:MU",
    "dummy:country_code_1:AE",
    "dummy:country_code_1:IR",
    "dummy:country_code_1:GR",
    "dummy:country_code_1:EC",
    "dummy:country_code_1:PT",
    "dummy:country_code_1:VE",
    "dummy:country_code_1:BG",
    "dummy:country_code_1:PH",
    "dummy:country_code_1:RO",
    "dummy:country_code_1:HU",
    "dummy:country_code_1:CI",
    "dummy:country_code_1:UY",
    "dummy:country_code_1:GH",
    "dummy:country_code_1:CR",
    "dummy:country_code_1:SI",
    "dummy:country_code_1:PE",
    "dummy:country_code_1:NG",
    "dummy:country_code_1:HR",
    "dummy:country_code_1:BD",
    "dummy:country_code_1:RS",
    "dummy:country_code_1:LV",
    "dummy:country_code_1:PA",
    "dummy:country_code_1:EE",
    "dummy:country_code_1:AO",
    "dummy:country_code_1:DO",
    "dummy:country_code_1:SK",
    "dummy:country_code_1:LT",
    "dummy:country_code_1:SD",
    "dummy:country_code_1:LB",
    "dummy:country_code_1:KW",
    "dummy:country_code_1:LU",
    "dummy:country_code_1:GI",
    "dummy:country_code_1:GT",
    "dummy:country_code_1:GA",
    "dummy:country_code_1:UZ",
    "dummy:country_code_1:MK",
    "dummy:country_code_1:KG",
    "dummy:country_code_1:PS",
    "dummy:country_code_1:MT",
    "dummy:country_code_1:GM",
    "dummy:country_code_1:BA",
    "dummy:country_code_1:BB",
    "dummy:country_code_1:CU",
    "dummy:country_code_1:CY",
    "dummy:country_code_1:ET",
    "dummy:country_code_1:AM",
    "dummy:country_code_1:LK",
    "dummy:country_code_1:KZ",
    "dummy:country_code_1:QA",
    "dummy:country_code_1:SV",
    "dummy:country_code_1:TG",
    "dummy:country_code_1:TZ",
    "dummy:country_code_1:N/A",
    "dummy:country_code_1:__Others__",
    "dummy:User_Agent:nmap/7.80",
    "dummy:User_Agent:curl/7.68.0",
    "dummy:User_Agent:Wget/1.20.3",
    "dummy:User_Agent:Mozilla/5.0",
    "dummy:User_Agent:Nikto/2.1.6",
    "dummy:User_Agent:python-requests/2.25.1",
    "dummy:User_Agent:N/A",
    "dummy:User_Agent:__Others__",
    "dummy:country_code:US",
    "dummy:country_code:CO",
    "dummy:country_code:FR",
    "dummy:country_code:NG",
    "dummy:country_code:EG",
    "dummy:country_code:RU",
    "dummy:country_code:PL",
    "dummy:country_code:CA",
    "dummy:country_code:JP",
    "dummy:country_code:DE",
    "dummy:country_code:KR",
    "dummy:country_code:DK",
    "dummy:country_code:HK",
    "dummy:country_code:N/A",
    "dummy:country_code:__Others__",
    "dummy:Protocol:ICMP",
    "dummy:Protocol:UDP",
    "dummy:Protocol:TCP",
    "dummy:Protocol:N/A",
    "dummy:Protocol:__Others__"
  ],
  "classes": [
    "0",
    "1"
  ]
}