{
    "featuresDistribution": {
        "Status": {
            "type": "CATEGORY",
            "nbDistinct": 2,
            "count": 7086,
            "missingCount": 0.0,
            "values": {
                "scale": [
                    "Success",
                    "Failure"
                ],
                "distribution": [
                    0.8745413491391476,
                    0.1254586508608524
                ]
            }
        },
        "Request_Type": {
            "type": "CATEGORY",
            "nbDistinct": 7,
            "count": 7086,
            "missingCount": 0.0,
            "values": {
                "scale": [
                    "SMTP",
                    "HTTP",
                    "Telnet",
                    "FTP",
                    "DNS",
                    "SSH",
                    "HTTPS"
                ],
                "distribution": [
                    0.15156646909398813,
                    0.1443691786621507,
                    0.1433813152695456,
                    0.14281682190234266,
                    0.1418289585097375,
                    0.14027660174992942,
                    0.13576065481230595
                ]
            }
        },
        "Source_IP_int": {
            "type": "NUMERIC",
            "nbDistinct": 6136,
            "count": 7086,
            "missingCount": 0.0,
            "histogram": {
                "scale": [
                    300252463.0,
                    369256779.4897959,
                    438261095.97959185,
                    507265412.46938777,
                    576269728.9591837,
                    645274045.4489796,
                    714278361.9387755,
                    783282678.4285715,
                    852286994.9183674,
                    921291311.4081633,
                    990295627.8979592,
                    1059299944.3877552,
                    1128304260.877551,
                    1197308577.367347,
                    1266312893.857143,
                    1335317210.3469388,
                    1404321526.8367348,
                    1473325843.3265307,
                    1542330159.8163266,
                    1611334476.3061225,
                    1680338792.7959185,
                    1749343109.2857144,
                    1818347425.7755103,
                    1887351742.2653062,
                    1956356058.7551022,
                    2025360375.244898,
                    2094364691.734694,
                    2163369008.22449,
                    2232373324.714286,
                    2301377641.2040815,
                    2370381957.6938777,
                    2439386274.183674,
                    2508390590.6734695,
                    2577394907.163265,
                    2646399223.6530614,
                    2715403540.1428576,
                    2784407856.632653,
                    2853412173.122449,
                    2922416489.612245,
                    2991420806.1020412,
                    3060425122.591837,
                    3129429439.0816326,
                    3198433755.571429,
                    3267438072.061225,
                    3336442388.5510206,
                    3405446705.0408163,
                    3474451021.5306125,
                    3543455338.0204086,
                    3612459654.5102043,
                    3681463971.0
                ],
                "distribution": [
                    0.004092576912221282,
                    0.0,
                    0.0,
                    0.006632797064634491,
                    0.0,
                    0.0,
                    0.0,
                    0.0,
                    0.004092576912221282,
                    0.0,
                    0.0,
                    0.0,
                    0.0,
                    0.0,
                    0.006632797064634491,
                    0.0,
                    0.0,
                    0.0,
                    0.01171323736946091,
                    0.0,
                    0.0,
                    0.0,
                    0.0,
                    0.0,
                    0.0,
                    0.0,
                    0.0,
                    0.0,
                    0.0,
                    0.0,
                    0.0,
                    0.0,
                    0.0,
                    0.006491673722833756,
                    0.005644933672029354,
                    0.003810330228619814,
                    0.0,
                    0.0,
                    0.003386960203217612,
                    0.0,
                    0.0,
                    0.004515946937623483,
                    0.9069997177533164,
                    0.006350550381033023,
                    0.0046570702794242165,
                    0.00733841377363816,
                    0.003810330228619814,
                    0.004092576912221282,
                    0.009737510584250635
                ]
            },
            "quantiles": {
                "scale": [
                    1766245652.01,
                    3232242426.29,
                    3232249657.04,
                    3232256919.66,
                    3232264164.9,
                    3232271541.6800003,
                    3232279094.73,
                    3232286356.31,
                    3232293409.21,
                    3456880487.95
                ],
                "distribution": [
                    0.1000564493367203,
                    0.09991532599491956,
                    0.1000564493367203,
                    0.09991532599491956,
                    0.1000564493367203,
                    0.1000564493367203,
                    0.09991532599491956,
                    0.1000564493367203,
                    0.09991532599491956,
                    0.1000564493367203
                ]
            },
            "topValues": [
                {
                    "value": 553989292.0,
                    "count": 47.0
                },
                {
                    "value": 1321689720.0,
                    "count": 47.0
                },
                {
                    "value": 2591097444.0,
                    "count": 46.0
                },
                {
                    "value": 3313953262.0,
                    "count": 45.0
                },
                {
                    "value": 1602967603.0,
                    "count": 43.0
                },
                {
                    "value": 1579688456.0,
                    "count": 40.0
                },
                {
                    "value": 2706212591.0,
                    "count": 40.0
                },
                {
                    "value": 3635774980.0,
                    "count": 35.0
                },
                {
                    "value": 3681463971.0,
                    "count": 34.0
                },
                {
                    "value": 3387446544.0,
                    "count": 33.0
                },
                {
                    "value": 3192165142.0,
                    "count": 32.0
                },
                {
                    "value": 3450894591.0,
                    "count": 31.0
                },
                {
                    "value": 300252463.0,
                    "count": 29.0
                },
                {
                    "value": 891790610.0,
                    "count": 29.0
                },
                {
                    "value": 3594500727.0,
                    "count": 29.0
                },
                {
                    "value": 2769093398.0,
                    "count": 27.0
                },
                {
                    "value": 3530037179.0,
                    "count": 27.0
                },
                {
                    "value": 3236511916.0,
                    "count": 26.0
                },
                {
                    "value": 2987712002.0,
                    "count": 24.0
                },
                {
                    "value": 3409766162.0,
                    "count": 21.0
                },
                {
                    "value": 3232238770.0,
                    "count": 3.0
                },
                {
                    "value": 3232243972.0,
                    "count": 3.0
                },
                {
                    "value": 3232248527.0,
                    "count": 3.0
                },
                {
                    "value": 3232253548.0,
                    "count": 3.0
                },
                {
                    "value": 3232257709.0,
                    "count": 3.0
                },
                {
                    "value": 3232263318.0,
                    "count": 3.0
                },
                {
                    "value": 3232278044.0,
                    "count": 3.0
                },
                {
                    "value": 3232293006.0,
                    "count": 3.0
                },
                {
                    "value": 3232294784.0,
                    "count": 3.0
                },
                {
                    "value": 3232235903.0,
                    "count": 2.0
                },
                {
                    "value": 3232236449.0,
                    "count": 2.0
                },
                {
                    "value": 3232236571.0,
                    "count": 2.0
                },
                {
                    "value": 3232236622.0,
                    "count": 2.0
                },
                {
                    "value": 3232236765.0,
                    "count": 2.0
                },
                {
                    "value": 3232236963.0,
                    "count": 2.0
                },
                {
                    "value": 3232237486.0,
                    "count": 2.0
                },
                {
                    "value": 3232237827.0,
                    "count": 2.0
                },
                {
                    "value": 3232238477.0,
                    "count": 2.0
                },
                {
                    "value": 3232238731.0,
                    "count": 2.0
                },
                {
                    "value": 3232238905.0,
                    "count": 2.0
                },
                {
                    "value": 3232239601.0,
                    "count": 2.0
                },
                {
                    "value": 3232239605.0,
                    "count": 2.0
                },
                {
                    "value": 3232239658.0,
                    "count": 2.0
                },
                {
                    "value": 3232240611.0,
                    "count": 2.0
                },
                {
                    "value": 3232240764.0,
                    "count": 2.0
                },
                {
                    "value": 3232240783.0,
                    "count": 2.0
                },
                {
                    "value": 3232240869.0,
                    "count": 2.0
                },
                {
                    "value": 3232240921.0,
                    "count": 2.0
                },
                {
                    "value": 3232240955.0,
                    "count": 2.0
                },
                {
                    "value": 3232241036.0,
                    "count": 2.0
                }
            ]
        },
        "Destination_IP_int": {
            "type": "NUMERIC",
            "nbDistinct": 7086,
            "count": 7086,
            "missingCount": 0.0,
            "histogram": {
                "scale": [
                    16834980.0,
                    93185984.85714285,
                    169536989.7142857,
                    245887994.57142854,
                    322238999.4285714,
                    398590004.28571427,
                    474941009.1428571,
                    551292014.0,
                    627643018.8571428,
                    703994023.7142856,
                    780345028.5714285,
                    856696033.4285713,
                    933047038.2857141,
                    1009398043.1428571,
                    1085749048.0,
                    1162100052.8571427,
                    1238451057.7142856,
                    1314802062.5714285,
                    1391153067.4285712,
                    1467504072.2857141,
                    1543855077.142857,
                    1620206081.9999998,
                    1696557086.8571427,
                    1772908091.7142856,
                    1849259096.5714283,
                    1925610101.4285712,
                    2001961106.2857141,
                    2078312111.142857,
                    2154663116.0,
                    2231014120.8571424,
                    2307365125.7142854,
                    2383716130.5714283,
                    2460067135.428571,
                    2536418140.285714,
                    2612769145.142857,
                    2689120150.0,
                    2765471154.8571424,
                    2841822159.7142854,
                    2918173164.5714283,
                    2994524169.428571,
                    3070875174.285714,
                    3147226179.142857,
                    3223577183.9999995,
                    3299928188.8571424,
                    3376279193.7142854,
                    3452630198.5714283,
                    3528981203.428571,
                    3605332208.285714,
                    3681683213.1428566,
                    3758034218.0
                ],
                "distribution": [
                    0.013830087496471917,
                    0.011854360711261643,
                    0.0091730172170477,
                    0.011289867344058707,
                    0.01143099068585944,
                    0.011854360711261643,
                    0.012277730736663843,
                    0.010584250635055038,
                    0.013406717471069715,
                    0.016793677674287327,
                    0.01171323736946091,
                    0.01100762066045724,
                    0.015100197572678522,
                    0.010019757267852102,
                    0.012559977420265312,
                    0.012418854078464579,
                    0.011572114027660174,
                    0.013688964154671182,
                    0.01100762066045724,
                    0.01171323736946091,
                    0.012842224103866779,
                    0.012277730736663843,
                    0.010584250635055038,
                    0.01213660739486311,
                    0.012277730736663843,
                    0.013830087496471917,
                    0.012983347445667513,
                    0.011572114027660174,
                    0.020604007902907142,
                    0.024555461473327687,
                    0.02427321478972622,
                    0.024555461473327687,
                    0.021874117979113747,
                    0.027660174992943834,
                    0.024414338131526953,
                    0.02540220152413209,
                    0.02582557154953429,
                    0.02582557154953429,
                    0.02342647473892182,
                    0.022297488004515947,
                    0.021450747953711543,
                    0.02173299463731301,
                    0.047558566186847305,
                    0.04473609935083263,
                    0.04769968952864804,
                    0.043748235958227494,
                    0.04727631950324584,
                    0.04699407281964437,
                    0.0462884561106407
                ]
            },
            "quantiles": {
                "scale": [
                    340610512.87,
                    963558644.8900002,
                    1577221749.0500002,
                    2120635052.65,
                    2506915689.62,
                    2810565198.48,
                    3110891380.65,
                    3345132872.05,
                    3510646614.63,
                    3676993797.75
                ],
                "distribution": [
                    0.1000564493367203,
                    0.09991532599491956,
                    0.1000564493367203,
                    0.09991532599491956,
                    0.1000564493367203,
                    0.1000564493367203,
                    0.09991532599491956,
                    0.1000564493367203,
                    0.09991532599491956,
                    0.1000564493367203
                ]
            },
            "topValues": [
                {
                    "value": 16834980.0,
                    "count": 1.0
                },
                {
                    "value": 16983890.0,
                    "count": 1.0
                },
                {
                    "value": 17208715.0,
                    "count": 1.0
                },
                {
                    "value": 19986416.0,
                    "count": 1.0
                },
                {
                    "value": 20211714.0,
                    "count": 1.0
                },
                {
                    "value": 22419191.0,
                    "count": 1.0
                },
                {
                    "value": 23146807.0,
                    "count": 1.0
                },
                {
                    "value": 23837853.0,
                    "count": 1.0
                },
                {
                    "value": 24866063.0,
                    "count": 1.0
                },
                {
                    "value": 24931794.0,
                    "count": 1.0
                },
                {
                    "value": 29785839.0,
                    "count": 1.0
                },
                {
                    "value": 31509096.0,
                    "count": 1.0
                },
                {
                    "value": 31645185.0,
                    "count": 1.0
                },
                {
                    "value": 31730778.0,
                    "count": 1.0
                },
                {
                    "value": 31836523.0,
                    "count": 1.0
                },
                {
                    "value": 32341402.0,
                    "count": 1.0
                },
                {
                    "value": 33032120.0,
                    "count": 1.0
                },
                {
                    "value": 33078646.0,
                    "count": 1.0
                },
                {
                    "value": 34458238.0,
                    "count": 1.0
                },
                {
                    "value": 36852994.0,
                    "count": 1.0
                },
                {
                    "value": 38165918.0,
                    "count": 1.0
                },
                {
                    "value": 38819720.0,
                    "count": 1.0
                },
                {
                    "value": 39417150.0,
                    "count": 1.0
                },
                {
                    "value": 39869818.0,
                    "count": 1.0
                },
                {
                    "value": 40123252.0,
                    "count": 1.0
                },
                {
                    "value": 40307197.0,
                    "count": 1.0
                },
                {
                    "value": 40805846.0,
                    "count": 1.0
                },
                {
                    "value": 40948253.0,
                    "count": 1.0
                },
                {
                    "value": 41237585.0,
                    "count": 1.0
                },
                {
                    "value": 41834879.0,
                    "count": 1.0
                },
                {
                    "value": 43281658.0,
                    "count": 1.0
                },
                {
                    "value": 43880807.0,
                    "count": 1.0
                },
                {
                    "value": 45834433.0,
                    "count": 1.0
                },
                {
                    "value": 45993751.0,
                    "count": 1.0
                },
                {
                    "value": 46153510.0,
                    "count": 1.0
                },
                {
                    "value": 47231034.0,
                    "count": 1.0
                },
                {
                    "value": 47408543.0,
                    "count": 1.0
                },
                {
                    "value": 47613382.0,
                    "count": 1.0
                },
                {
                    "value": 47808898.0,
                    "count": 1.0
                },
                {
                    "value": 49563416.0,
                    "count": 1.0
                },
                {
                    "value": 50212408.0,
                    "count": 1.0
                },
                {
                    "value": 50757158.0,
                    "count": 1.0
                },
                {
                    "value": 51003018.0,
                    "count": 1.0
                },
                {
                    "value": 51083420.0,
                    "count": 1.0
                },
                {
                    "value": 52326574.0,
                    "count": 1.0
                },
                {
                    "value": 53368418.0,
                    "count": 1.0
                },
                {
                    "value": 53395995.0,
                    "count": 1.0
                },
                {
                    "value": 53523787.0,
                    "count": 1.0
                },
                {
                    "value": 53766714.0,
                    "count": 1.0
                },
                {
                    "value": 53974417.0,
                    "count": 1.0
                }
            ]
        },
        "country_code_1": {
            "type": "CATEGORY",
            "nbDistinct": 143,
            "count": 7086,
            "missingCount": 0.0,
            "values": {
                "scale": [
                    "US",
                    "CN",
                    "JP",
                    "DE",
                    "KR",
                    "GB",
                    "BR",
                    "CA",
                    "FR",
                    "AU",
                    "IT",
                    "NL",
                    "IN",
                    "RU",
                    "TW",
                    "ZA",
                    "MX",
                    "SE",
                    "EG",
                    "ES",
                    "HK",
                    "CH",
                    "SG",
                    "CO",
                    "PL",
                    "TR",
                    "AR",
                    "ID",
                    "VN",
                    "FI",
                    "BE",
                    "NO",
                    "CL",
                    "DK",
                    "IL",
                    "TH",
                    "IE",
                    "NZ",
                    "TN",
                    "MA",
                    "AT",
                    "SA",
                    "CZ",
                    "UA",
                    "KE",
                    "PK",
                    "MY",
                    "DZ",
                    "MU",
                    "AE",
                    "IR",
                    "EC",
                    "GR",
                    "PT",
                    "PH",
                    "VE",
                    "BG",
                    "RO",
                    "HU",
                    "CI",
                    "PE",
                    "UY",
                    "SI",
                    "GH",
                    "CR",
                    "NG",
                    "HR",
                    "SK",
                    "EE",
                    "LV",
                    "BD",
                    "AO",
                    "RS",
                    "PA",
                    "DO",
                    "GA",
                    "GI",
                    "SD",
                    "LU",
                    "KW",
                    "GT",
                    "LB",
                    "LT",
                    "BB",
                    "BA",
                    "AM",
                    "GM",
                    "LK",
                    "PS",
                    "KZ",
                    "MT",
                    "SV",
                    "QA",
                    "UZ",
                    "TG",
                    "MK",
                    "ET",
                    "CY",
                    "CU",
                    "KG",
                    "AW",
                    "AZ",
                    "AL",
                    "BF",
                    "BO",
                    "BQ",
                    "BM",
                    "BS",
                    "BW",
                    "DM",
                    "FJ",
                    "LI",
                    "LA",
                    "KY",
                    "KH",
                    "JO",
                    "IQ",
                    "GP",
                    "HN",
                    "GY",
                    "GQ",
                    "BH",
                    "LR",
                    "MG",
                    "MD",
                    "LY",
                    "MW",
                    "PY",
                    "PR",
                    "MZ",
                    "NC",
                    "NI",
                    "MN",
                    "MO",
                    "RE",
                    "SY",
                    "ST",
                    "SS",
                    "RW",
                    "TZ",
                    "TL",
                    "VU",
                    "ZW"
                ],
                "distribution": [
                    0.3866779565340107,
                    0.08848433530906012,
                    0.0650578605701383,
                    0.035704205475585664,
                    0.03429297205757832,
                    0.03217612193056731,
                    0.03048264182895851,
                    0.028224668360146768,
                    0.019192774484899804,
                    0.01693480101608806,
                    0.015664690939881456,
                    0.015382444256279989,
                    0.011854360711261643,
                    0.010584250635055038,
                    0.009596387242449902,
                    0.009314140558848433,
                    0.009031893875246966,
                    0.009031893875246966,
                    0.00846740050804403,
                    0.007902907140841095,
                    0.007620660457239628,
                    0.006491673722833756,
                    0.006350550381033023,
                    0.0059271803556308214,
                    0.005786057013830087,
                    0.00550381033022862,
                    0.00550381033022862,
                    0.005221563646627152,
                    0.005080440304826418,
                    0.004515946937623483,
                    0.004233700254022015,
                    0.004092576912221282,
                    0.003810330228619814,
                    0.003386960203217612,
                    0.003386960203217612,
                    0.003386960203217612,
                    0.003245836861416878,
                    0.0031047135196161446,
                    0.0031047135196161446,
                    0.0031047135196161446,
                    0.0031047135196161446,
                    0.002681343494213943,
                    0.002681343494213943,
                    0.002540220152413209,
                    0.0023990968106124754,
                    0.0019757267852102737,
                    0.0019757267852102737,
                    0.0019757267852102737,
                    0.00183460344340954,
                    0.001693480101608806,
                    0.001693480101608806,
                    0.0015523567598080723,
                    0.0015523567598080723,
                    0.0015523567598080723,
                    0.0014112334180073384,
                    0.0014112334180073384,
                    0.0014112334180073384,
                    0.0012701100762066045,
                    0.0012701100762066045,
                    0.0011289867344058708,
                    0.0011289867344058708,
                    0.0011289867344058708,
                    0.0011289867344058708,
                    0.0011289867344058708,
                    0.0011289867344058708,
                    0.000846740050804403,
                    0.0007056167090036692,
                    0.0005644933672029354,
                    0.0005644933672029354,
                    0.0005644933672029354,
                    0.0005644933672029354,
                    0.0005644933672029354,
                    0.0005644933672029354,
                    0.0005644933672029354,
                    0.0005644933672029354,
                    0.0004233700254022015,
                    0.0004233700254022015,
                    0.0004233700254022015,
                    0.0004233700254022015,
                    0.0004233700254022015,
                    0.0004233700254022015,
                    0.0004233700254022015,
                    0.0004233700254022015,
                    0.0002822466836014677,
                    0.0002822466836014677,
                    0.0002822466836014677,
                    0.0002822466836014677,
                    0.0002822466836014677,
                    0.0002822466836014677,
                    0.0002822466836014677,
                    0.0002822466836014677,
                    0.0002822466836014677,
                    0.0002822466836014677,
                    0.0002822466836014677,
                    0.0002822466836014677,
                    0.0002822466836014677,
                    0.0002822466836014677,
                    0.0002822466836014677,
                    0.0002822466836014677,
                    0.0002822466836014677,
                    0.00014112334180073385,
                    0.00014112334180073385,
                    0.00014112334180073385,
                    0.00014112334180073385,
                    0.00014112334180073385,
                    0.00014112334180073385,
                    0.00014112334180073385,
                    0.00014112334180073385,
                    0.00014112334180073385,
                    0.00014112334180073385,
                    0.00014112334180073385,
                    0.00014112334180073385,
                    0.00014112334180073385,
                    0.00014112334180073385,
                    0.00014112334180073385,
                    0.00014112334180073385,
                    0.00014112334180073385,
                    0.00014112334180073385,
                    0.00014112334180073385,
                    0.00014112334180073385,
                    0.00014112334180073385,
                    0.00014112334180073385,
                    0.00014112334180073385,
                    0.00014112334180073385,
                    0.00014112334180073385,
                    0.00014112334180073385,
                    0.00014112334180073385,
                    0.00014112334180073385,
                    0.00014112334180073385,
                    0.00014112334180073385,
                    0.00014112334180073385,
                    0.00014112334180073385,
                    0.00014112334180073385,
                    0.00014112334180073385,
                    0.00014112334180073385,
                    0.00014112334180073385,
                    0.00014112334180073385,
                    0.00014112334180073385,
                    0.00014112334180073385,
                    0.00014112334180073385,
                    0.00014112334180073385,
                    0.00014112334180073385,
                    0.00014112334180073385
                ]
            }
        },
        "User_Agent": {
            "type": "CATEGORY",
            "nbDistinct": 6,
            "count": 7086,
            "missingCount": 0.0,
            "values": {
                "scale": [
                    "nmap/7.80",
                    "curl/7.68.0",
                    "Wget/1.20.3",
                    "Mozilla/5.0",
                    "Nikto/2.1.6",
                    "python-requests/2.25.1"
                ],
                "distribution": [
                    0.16977138018628282,
                    0.168077900084674,
                    0.16793677674287327,
                    0.16652554332486594,
                    0.16497318656505786,
                    0.16271521309624612
                ]
            }
        },
        "country_code": {
            "type": "CATEGORY",
            "nbDistinct": 14,
            "count": 7086,
            "missingCount": 6401.0,
            "values": {
                "scale": [
                    "US",
                    "CO",
                    "FR",
                    "NG",
                    "EG",
                    "RU",
                    "PL",
                    "CA",
                    "JP",
                    "DE",
                    "KR",
                    "DK",
                    "HK"
                ],
                "distribution": [
                    0.3343065693430657,
                    0.0948905109489051,
                    0.06861313868613139,
                    0.06715328467153285,
                    0.06569343065693431,
                    0.06277372262773723,
                    0.058394160583941604,
                    0.051094890510948905,
                    0.049635036496350364,
                    0.042335766423357665,
                    0.03941605839416058,
                    0.035036496350364967,
                    0.030656934306569343
                ]
            }
        },
        "Payload_Size": {
            "type": "NUMERIC",
            "nbDistinct": 2845,
            "count": 7086,
            "missingCount": 0.0,
            "histogram": {
                "scale": [
                    0.0,
                    101.9795918367347,
                    203.9591836734694,
                    305.9387755102041,
                    407.9183673469388,
                    509.8979591836735,
                    611.8775510204082,
                    713.8571428571429,
                    815.8367346938776,
                    917.8163265306123,
                    1019.795918367347,
                    1121.7755102040817,
                    1223.7551020408164,
                    1325.734693877551,
                    1427.7142857142858,
                    1529.6938775510205,
                    1631.6734693877552,
                    1733.6530612244899,
                    1835.6326530612246,
                    1937.6122448979593,
                    2039.591836734694,
                    2141.5714285714284,
                    2243.5510204081634,
                    2345.5306122448983,
                    2447.5102040816328,
                    2549.4897959183672,
                    2651.469387755102,
                    2753.448979591837,
                    2855.4285714285716,
                    2957.408163265306,
                    3059.387755102041,
                    3161.367346938776,
                    3263.3469387755104,
                    3365.326530612245,
                    3467.3061224489797,
                    3569.2857142857147,
                    3671.265306122449,
                    3773.2448979591836,
                    3875.2244897959185,
                    3977.2040816326535,
                    4079.183673469388,
                    4181.163265306122,
                    4283.142857142857,
                    4385.122448979592,
                    4487.102040816327,
                    4589.081632653061,
                    4691.061224489797,
                    4793.040816326531,
                    4895.0204081632655,
                    4997.0
                ],
                "distribution": [
                    0.021168501270110076,
                    0.022720858029918148,
                    0.031893875246965846,
                    0.03471634208298052,
                    0.030200395145357044,
                    0.03344623200677392,
                    0.03471634208298052,
                    0.03344623200677392,
                    0.033163985323172454,
                    0.0354219587919842,
                    0.037115438893593,
                    0.03415184871577759,
                    0.03203499858876658,
                    0.033163985323172454,
                    0.03429297205757832,
                    0.03288173863957099,
                    0.03372847869037539,
                    0.03386960203217612,
                    0.03937341236240474,
                    0.03513971210838273,
                    0.03528083545018346,
                    0.0362686988427886,
                    0.03302286198137172,
                    0.03231724527236805,
                    0.03161162856336438,
                    0.03556308213378493,
                    0.03259949195596952,
                    0.04007902907140841,
                    0.03217612193056731,
                    0.013830087496471917,
                    0.001693480101608806,
                    0.0009878633926051368,
                    0.0011289867344058708,
                    0.000846740050804403,
                    0.000846740050804403,
                    0.000846740050804403,
                    0.0009878633926051368,
                    0.0005644933672029354,
                    0.0009878633926051368,
                    0.0009878633926051368,
                    0.0019757267852102737,
                    0.0009878633926051368,
                    0.0009878633926051368,
                    0.0014112334180073384,
                    0.0009878633926051368,
                    0.0007056167090036692,
                    0.001693480101608806,
                    0.0005644933672029354,
                    0.0014112334180073384
                ]
            },
            "quantiles": {
                "scale": [
                    187.5,
                    529.82,
                    836.82,
                    1134.94,
                    1430.44,
                    1730.5,
                    2023.5,
                    2318.0,
                    2619.5,
                    3883.0
                ],
                "distribution": [
                    0.09991532599491956,
                    0.1000564493367203,
                    0.09991532599491956,
                    0.1000564493367203,
                    0.09977420265311883,
                    0.1000564493367203,
                    0.1000564493367203,
                    0.09991532599491956,
                    0.0996330793113181,
                    0.10062094270392323
                ]
            },
            "topValues": [
                {
                    "value": 1842.0,
                    "count": 9.0
                },
                {
                    "value": 1937.0,
                    "count": 9.0
                },
                {
                    "value": 1969.0,
                    "count": 9.0
                },
                {
                    "value": 2841.0,
                    "count": 9.0
                },
                {
                    "value": 593.0,
                    "count": 8.0
                },
                {
                    "value": 1218.0,
                    "count": 8.0
                },
                {
                    "value": 1501.0,
                    "count": 8.0
                },
                {
                    "value": 1934.0,
                    "count": 8.0
                },
                {
                    "value": 1955.0,
                    "count": 8.0
                },
                {
                    "value": 2808.0,
                    "count": 8.0
                },
                {
                    "value": 2812.0,
                    "count": 8.0
                },
                {
                    "value": 2831.0,
                    "count": 8.0
                },
                {
                    "value": 2857.0,
                    "count": 8.0
                },
                {
                    "value": 2903.0,
                    "count": 8.0
                },
                {
                    "value": 294.0,
                    "count": 7.0
                },
                {
                    "value": 324.0,
                    "count": 7.0
                },
                {
                    "value": 581.0,
                    "count": 7.0
                },
                {
                    "value": 616.0,
                    "count": 7.0
                },
                {
                    "value": 704.0,
                    "count": 7.0
                },
                {
                    "value": 1001.0,
                    "count": 7.0
                },
                {
                    "value": 1430.0,
                    "count": 7.0
                },
                {
                    "value": 1676.0,
                    "count": 7.0
                },
                {
                    "value": 1830.0,
                    "count": 7.0
                },
                {
                    "value": 1982.0,
                    "count": 7.0
                },
                {
                    "value": 2000.0,
                    "count": 7.0
                },
                {
                    "value": 2192.0,
                    "count": 7.0
                },
                {
                    "value": 2210.0,
                    "count": 7.0
                },
                {
                    "value": 2312.0,
                    "count": 7.0
                },
                {
                    "value": 2620.0,
                    "count": 7.0
                },
                {
                    "value": 2626.0,
                    "count": 7.0
                },
                {
                    "value": 2674.0,
                    "count": 7.0
                },
                {
                    "value": 2766.0,
                    "count": 7.0
                },
                {
                    "value": 2795.0,
                    "count": 7.0
                },
                {
                    "value": 273.0,
                    "count": 6.0
                },
                {
                    "value": 307.0,
                    "count": 6.0
                },
                {
                    "value": 351.0,
                    "count": 6.0
                },
                {
                    "value": 474.0,
                    "count": 6.0
                },
                {
                    "value": 480.0,
                    "count": 6.0
                },
                {
                    "value": 504.0,
                    "count": 6.0
                },
                {
                    "value": 598.0,
                    "count": 6.0
                },
                {
                    "value": 643.0,
                    "count": 6.0
                },
                {
                    "value": 674.0,
                    "count": 6.0
                },
                {
                    "value": 820.0,
                    "count": 6.0
                },
                {
                    "value": 914.0,
                    "count": 6.0
                },
                {
                    "value": 952.0,
                    "count": 6.0
                },
                {
                    "value": 1048.0,
                    "count": 6.0
                },
                {
                    "value": 1060.0,
                    "count": 6.0
                },
                {
                    "value": 1147.0,
                    "count": 6.0
                },
                {
                    "value": 1179.0,
                    "count": 6.0
                },
                {
                    "value": 1307.0,
                    "count": 6.0
                }
            ]
        },
        "Protocol": {
            "type": "CATEGORY",
            "nbDistinct": 3,
            "count": 7086,
            "missingCount": 0.0,
            "values": {
                "scale": [
                    "ICMP",
                    "UDP",
                    "TCP"
                ],
                "distribution": [
                    0.33799040361275756,
                    0.33262771662432966,
                    0.3293818797629128
                ]
            }
        }
    }
}