{
    "startedAt": 1769105707169,
    "gridSize": 2,
    "nThreads": 4,
    "nSplits": 5,
    "metric": "ROC_AUC",
    "timeout": null,
    "gridPoints": [
        {
            "finishedAt": 1769105711623,
            "score": 1.0,
            "testScoreGibMean": 1.0,
            "testScoreMean": 1.0,
            "testScoreStd": 0.0,
            "trainScoreMean": 1.0,
            "trainScoreStd": 0.0,
            "time": 11690,
            "fitTimeMean": 1676.8,
            "fitTimeStd": 44.7857120072909,
            "scoreTimeMean": 661.2,
            "scoreTimeStd": 83.15383334519221,
            "parameters": {
                "max_depth": 6,
                "max_features": "sqrt",
                "min_samples_leaf": 1,
                "n_estimators": 100,
                "min_samples_split": 3
            }
        },
        {
            "finishedAt": 1769105712689,
            "score": 1.0,
            "testScoreGibMean": 1.0,
            "testScoreMean": 1.0,
            "testScoreStd": 0.0,
            "trainScoreMean": 1.0,
            "trainScoreStd": 0.0,
            "time": 8304,
            "fitTimeMean": 1231.4,
            "fitTimeStd": 380.47685869182635,
            "scoreTimeMean": 429.4,
            "scoreTimeStd": 142.86301130803594,
            "parameters": {
                "max_depth": 13,
                "max_features": "sqrt",
                "min_samples_leaf": 1,
                "n_estimators": 100,
                "min_samples_split": 3
            }
        }
    ]
}