[
    {
        "test_score_gib": 1.0,
        "train_score": 1.0,
        "test_score": 1.0,
        "num_samples": 1418,
        "fit_time": 1694,
        "score_time": 620,
        "time": 2314,
        "parameters": {
            "max_depth": 6,
            "max_features": "sqrt",
            "min_samples_leaf": 1,
            "n_estimators": 100,
            "min_samples_split": 3
        },
        "done_at": 1769105709492,
        "split_id": 0
    },
    {
        "test_score_gib": 1.0,
        "train_score": 1.0,
        "test_score": 1.0,
        "num_samples": 1417,
        "fit_time": 1710,
        "score_time": 683,
        "time": 2393,
        "parameters": {
            "max_depth": 6,
            "max_features": "sqrt",
            "min_samples_leaf": 1,
            "n_estimators": 100,
            "min_samples_split": 3
        },
        "done_at": 1769105709601,
        "split_id": 1
    },
    {
        "test_score_gib": 1.0,
        "train_score": 1.0,
        "test_score": 1.0,
        "num_samples": 1417,
        "fit_time": 1698,
        "score_time": 743,
        "time": 2441,
        "parameters": {
            "max_depth": 6,
            "max_features": "sqrt",
            "min_samples_leaf": 1,
            "n_estimators": 100,
            "min_samples_split": 3
        },
        "done_at": 1769105709624,
        "split_id": 2
    },
    {
        "test_score_gib": 1.0,
        "train_score": 1.0,
        "test_score": 1.0,
        "num_samples": 1417,
        "fit_time": 1694,
        "score_time": 739,
        "time": 2433,
        "parameters": {
            "max_depth": 6,
            "max_features": "sqrt",
            "min_samples_leaf": 1,
            "n_estimators": 100,
            "min_samples_split": 3
        },
        "done_at": 1769105709622,
        "split_id": 3
    },
    {
        "test_score_gib": 1.0,
        "train_score": 1.0,
        "test_score": 1.0,
        "num_samples": 1417,
        "fit_time": 1588,
        "score_time": 521,
        "time": 2109,
        "parameters": {
            "max_depth": 6,
            "max_features": "sqrt",
            "min_samples_leaf": 1,
            "n_estimators": 100,
            "min_samples_split": 3
        },
        "done_at": 1769105711623,
        "split_id": 4
    },
    {
        "test_score_gib": 1.0,
        "train_score": 1.0,
        "test_score": 1.0,
        "num_samples": 1418,
        "fit_time": 1549,
        "score_time": 531,
        "time": 2080,
        "parameters": {
            "max_depth": 13,
            "max_features": "sqrt",
            "min_samples_leaf": 1,
            "n_estimators": 100,
            "min_samples_split": 3
        },
        "done_at": 1769105711694,
        "split_id": 0
    },
    {
        "test_score_gib": 1.0,
        "train_score": 1.0,
        "test_score": 1.0,
        "num_samples": 1417,
        "fit_time": 1531,
        "score_time": 555,
        "time": 2086,
        "parameters": {
            "max_depth": 13,
            "max_features": "sqrt",
            "min_samples_leaf": 1,
            "n_estimators": 100,
            "min_samples_split": 3
        },
        "done_at": 1769105711714,
        "split_id": 1
    },
    {
        "test_score_gib": 1.0,
        "train_score": 1.0,
        "test_score": 1.0,
        "num_samples": 1417,
        "fit_time": 1546,
        "score_time": 550,
        "time": 2096,
        "parameters": {
            "max_depth": 13,
            "max_features": "sqrt",
            "min_samples_leaf": 1,
            "n_estimators": 100,
            "min_samples_split": 3
        },
        "done_at": 1769105711728,
        "split_id": 2
    },
    {
        "test_score_gib": 1.0,
        "train_score": 1.0,
        "test_score": 1.0,
        "num_samples": 1417,
        "fit_time": 772,
        "score_time": 277,
        "time": 1049,
        "parameters": {
            "max_depth": 13,
            "max_features": "sqrt",
            "min_samples_leaf": 1,
            "n_estimators": 100,
            "min_samples_split": 3
        },
        "done_at": 1769105712677,
        "split_id": 3
    },
    {
        "test_score_gib": 1.0,
        "train_score": 1.0,
        "test_score": 1.0,
        "num_samples": 1417,
        "fit_time": 759,
        "score_time": 234,
        "time": 993,
        "parameters": {
            "max_depth": 13,
            "max_features": "sqrt",
            "min_samples_leaf": 1,
            "n_estimators": 100,
            "min_samples_split": 3
        },
        "done_at": 1769105712689,
        "split_id": 4
    }
]