{
    "modelInputNRows": 7086,
    "modelInputNCols": 147,
    "modelInputIsSparse": true,
    "modelInputMemory": 793636,
    "usedGridSearch": true,
    "gridSize": 2,
    "gridBestScore": 1.0,
    "gridCells": [
        {
            "params": {
                "max_depth": 6,
                "max_features": "sqrt",
                "min_samples_leaf": 1,
                "n_estimators": 100,
                "min_samples_split": 3
            },
            "score": 1.0,
            "scoreStd": 0.0,
            "fitTime": 1.6767999999999998,
            "fitTimeStd": 0.044785712007290895,
            "scoreTime": 0.6612,
            "scoreTimeStd": 0.0831538333451922
        },
        {
            "params": {
                "max_depth": 13,
                "max_features": "sqrt",
                "min_samples_leaf": 1,
                "n_estimators": 100,
                "min_samples_split": 3
            },
            "score": 1.0,
            "scoreStd": 0.0,
            "fitTime": 1.2314,
            "fitTimeStd": 0.38047685869182635,
            "scoreTime": 0.4294,
            "scoreTimeStd": 0.14286301130803594
        }
    ],
    "rawImportance": {
        "variables": [
            "Source_IP_int",
            "Destination_IP_int",
            "Payload_Size",
            "dummy:Status:Success",
            "dummy:Status:Failure",
            "dummy:Request_Type:SMTP",
            "dummy:Request_Type:HTTP",
            "dummy:Request_Type:Telnet",
            "dummy:Request_Type:FTP",
            "dummy:Request_Type:DNS",
            "dummy:Request_Type:SSH",
            "dummy:Request_Type:HTTPS",
            "dummy:country_code_1:US",
            "dummy:country_code_1:CN",
            "dummy:country_code_1:JP",
            "dummy:country_code_1:DE",
            "dummy:country_code_1:KR",
            "dummy:country_code_1:GB",
            "dummy:country_code_1:BR",
            "dummy:country_code_1:CA",
            "dummy:country_code_1:FR",
            "dummy:country_code_1:AU",
            "dummy:country_code_1:IT",
            "dummy:country_code_1:IN",
            "dummy:country_code_1:RU",
            "dummy:country_code_1:TW",
            "dummy:country_code_1:ZA",
            "dummy:country_code_1:MX",
            "dummy:country_code_1:SE",
            "dummy:country_code_1:EG",
            "dummy:country_code_1:ES",
            "dummy:country_code_1:HK",
            "dummy:country_code_1:CH",
            "dummy:country_code_1:SG",
            "dummy:country_code_1:CO",
            "dummy:country_code_1:PL",
            "dummy:country_code_1:AR",
            "dummy:country_code_1:TR",
            "dummy:country_code_1:ID",
            "dummy:country_code_1:VN",
            "dummy:country_code_1:FI",
            "dummy:country_code_1:BE",
            "dummy:country_code_1:NO",
            "dummy:country_code_1:CL",
            "dummy:country_code_1:DK",
            "dummy:country_code_1:TH",
            "dummy:country_code_1:IL",
            "dummy:country_code_1:IE",
            "dummy:country_code_1:AT",
            "dummy:country_code_1:TN",
            "dummy:country_code_1:MA",
            "dummy:country_code_1:SA",
            "dummy:country_code_1:CZ",
            "dummy:country_code_1:UA",
            "dummy:country_code_1:KE",
            "dummy:country_code_1:DZ",
            "dummy:country_code_1:MY",
            "dummy:country_code_1:MU",
            "dummy:country_code_1:EC",
            "dummy:country_code_1:PT",
            "dummy:country_code_1:VE",
            "dummy:country_code_1:BG",
            "dummy:country_code_1:PH",
            "dummy:country_code_1:RO",
            "dummy:country_code_1:HU",
            "dummy:country_code_1:GH",
            "dummy:country_code_1:PE",
            "dummy:country_code_1:LT",
            "dummy:country_code_1:GA",
            "dummy:country_code_1:UZ",
            "dummy:country_code_1:BA",
            "dummy:country_code_1:CU",
            "dummy:country_code_1:QA",
            "dummy:country_code_1:__Others__",
            "dummy:User_Agent:nmap/7.80",
            "dummy:User_Agent:curl/7.68.0",
            "dummy:User_Agent:Wget/1.20.3",
            "dummy:User_Agent:Mozilla/5.0",
            "dummy:User_Agent:Nikto/2.1.6",
            "dummy:User_Agent:python-requests/2.25.1",
            "dummy:country_code:US",
            "dummy:country_code:CO",
            "dummy:country_code:FR",
            "dummy:country_code:NG",
            "dummy:country_code:EG",
            "dummy:country_code:RU",
            "dummy:country_code:PL",
            "dummy:country_code:CA",
            "dummy:country_code:JP",
            "dummy:country_code:DE",
            "dummy:country_code:KR",
            "dummy:country_code:DK",
            "dummy:country_code:HK",
            "dummy:country_code:N/A",
            "dummy:Protocol:ICMP",
            "dummy:Protocol:UDP",
            "dummy:Protocol:TCP"
        ],
        "importances": [
            0.14488556756805795,
            0.001497443561135423,
            0.0902878592764781,
            0.1355301255157275,
            0.20718110022642214,
            0.0002790613863556506,
            0.0008594502704330751,
            0.0006184915639189564,
            0.00015395367577089537,
            0.000158433378552724,
            0.00025079443542588457,
            7.370059404546031e-05,
            9.824793690661517e-05,
            8.758786914624382e-06,
            8.78520337135708e-05,
            0.00010315865582290265,
            1.5735852453896582e-06,
            3.289661849904174e-05,
            0.00018361290034998274,
            0.00017094451906069993,
            1.9976646270873212e-05,
            1.343585539917197e-05,
            8.73968603971398e-08,
            7.749515828225953e-05,
            1.54844951893387e-05,
            0.00012182174515520405,
            7.068218617717345e-05,
            0.00011113957576313253,
            9.61188373582604e-05,
            3.0405121192475466e-05,
            3.6806524886440084e-05,
            9.763510619786437e-05,
            2.7132587382336957e-05,
            1.3564477445336526e-05,
            3.016234767496041e-06,
            0.00013752258847379793,
            5.50705375342822e-05,
            0.0003005806906072082,
            2.910192918491577e-05,
            0.00032148584816887724,
            3.119502814259938e-05,
            2.508985881594399e-05,
            0.00019703249169486655,
            3.0237698836232657e-18,
            4.0678947833789224e-05,
            9.390828551778599e-05,
            1.9927698658560507e-05,
            0.00011845917512815789,
            3.695556835527633e-05,
            4.3583453849340995e-05,
            9.468096820459339e-06,
            0.000130637764700353,
            2.0383330685358377e-05,
            8.282068334968983e-05,
            9.622028801621971e-06,
            6.439975367473431e-05,
            0.00014373798809609812,
            3.7876551943184064e-05,
            2.7399351416915896e-07,
            4.608572056684199e-18,
            9.570668520649403e-06,
            5.4029849528374995e-05,
            6.657450514573624e-05,
            3.088772532001573e-05,
            5.810602317431503e-17,
            1.0818352421724316e-05,
            4.7883196867163686e-05,
            2.4489664943189237e-05,
            3.411617612417596e-17,
            7.86560645672622e-05,
            0.00013079534806946017,
            8.13361206405108e-05,
            1.5944403224034357e-05,
            0.00013814336223018397,
            2.1410227256161433e-05,
            0.00021944539761623022,
            5.2436994649675e-05,
            5.9011289413685584e-05,
            0.00016680917378520307,
            0.00014537030292015543,
            0.05943736518282472,
            0.016120708591609086,
            0.010410376121424087,
            0.014459064240665762,
            0.011953545803794114,
            0.010438278101964774,
            0.006146278684395836,
            0.013217943747840199,
            0.0048662981483710436,
            0.004750332087465961,
            0.004312134420464236,
            0.004068472866064574,
            0.0018884809461430314,
            0.25095291019065413,
            0.00035812942692444144,
            4.410250604242215e-05,
            7.432555551678672e-05
        ]
    },
    "probaAware": true
}