{
    "metrics": {},
    "processed_feature_names": [
        "Source_IP_int",
        "Destination_IP_int",
        "Payload_Size",
        "dummy:Status:Success",
        "dummy:Status:Failure",
        "dummy:Status:N/A",
        "dummy:Status:__Others__",
        "dummy:Request_Type:SMTP",
        "dummy:Request_Type:HTTP",
        "dummy:Request_Type:Telnet",
        "dummy:Request_Type:FTP",
        "dummy:Request_Type:DNS",
        "dummy:Request_Type:SSH",
        "dummy:Request_Type:HTTPS",
        "dummy:Request_Type:N/A",
        "dummy:Request_Type:__Others__",
        "dummy:country_code_1:US",
        "dummy:country_code_1:CN",
        "dummy:country_code_1:JP",
        "dummy:country_code_1:DE",
        "dummy:country_code_1:KR",
        "dummy:country_code_1:GB",
        "dummy:country_code_1:BR",
        "dummy:country_code_1:CA",
        "dummy:country_code_1:FR",
        "dummy:country_code_1:AU",
        "dummy:country_code_1:IT",
        "dummy:country_code_1:NL",
        "dummy:country_code_1:IN",
        "dummy:country_code_1:RU",
        "dummy:country_code_1:TW",
        "dummy:country_code_1:ZA",
        "dummy:country_code_1:MX",
        "dummy:country_code_1:SE",
        "dummy:country_code_1:EG",
        "dummy:country_code_1:ES",
        "dummy:country_code_1:HK",
        "dummy:country_code_1:CH",
        "dummy:country_code_1:SG",
        "dummy:country_code_1:CO",
        "dummy:country_code_1:PL",
        "dummy:country_code_1:AR",
        "dummy:country_code_1:TR",
        "dummy:country_code_1:ID",
        "dummy:country_code_1:VN",
        "dummy:country_code_1:FI",
        "dummy:country_code_1:BE",
        "dummy:country_code_1:NO",
        "dummy:country_code_1:CL",
        "dummy:country_code_1:DK",
        "dummy:country_code_1:TH",
        "dummy:country_code_1:IL",
        "dummy:country_code_1:IE",
        "dummy:country_code_1:AT",
        "dummy:country_code_1:NZ",
        "dummy:country_code_1:TN",
        "dummy:country_code_1:MA",
        "dummy:country_code_1:SA",
        "dummy:country_code_1:CZ",
        "dummy:country_code_1:UA",
        "dummy:country_code_1:KE",
        "dummy:country_code_1:PK",
        "dummy:country_code_1:DZ",
        "dummy:country_code_1:MY",
        "dummy:country_code_1:MU",
        "dummy:country_code_1:AE",
        "dummy:country_code_1:IR",
        "dummy:country_code_1:GR",
        "dummy:country_code_1:EC",
        "dummy:country_code_1:PT",
        "dummy:country_code_1:VE",
        "dummy:country_code_1:BG",
        "dummy:country_code_1:PH",
        "dummy:country_code_1:RO",
        "dummy:country_code_1:HU",
        "dummy:country_code_1:CI",
        "dummy:country_code_1:UY",
        "dummy:country_code_1:GH",
        "dummy:country_code_1:CR",
        "dummy:country_code_1:SI",
        "dummy:country_code_1:PE",
        "dummy:country_code_1:NG",
        "dummy:country_code_1:HR",
        "dummy:country_code_1:BD",
        "dummy:country_code_1:RS",
        "dummy:country_code_1:LV",
        "dummy:country_code_1:PA",
        "dummy:country_code_1:EE",
        "dummy:country_code_1:AO",
        "dummy:country_code_1:DO",
        "dummy:country_code_1:SK",
        "dummy:country_code_1:LT",
        "dummy:country_code_1:SD",
        "dummy:country_code_1:LB",
        "dummy:country_code_1:KW",
        "dummy:country_code_1:LU",
        "dummy:country_code_1:GI",
        "dummy:country_code_1:GT",
        "dummy:country_code_1:GA",
        "dummy:country_code_1:UZ",
        "dummy:country_code_1:MK",
        "dummy:country_code_1:KG",
        "dummy:country_code_1:PS",
        "dummy:country_code_1:MT",
        "dummy:country_code_1:GM",
        "dummy:country_code_1:BA",
        "dummy:country_code_1:BB",
        "dummy:country_code_1:CU",
        "dummy:country_code_1:CY",
        "dummy:country_code_1:ET",
        "dummy:country_code_1:AM",
        "dummy:country_code_1:LK",
        "dummy:country_code_1:KZ",
        "dummy:country_code_1:QA",
        "dummy:country_code_1:SV",
        "dummy:country_code_1:TG",
        "dummy:country_code_1:TZ",
        "dummy:country_code_1:N/A",
        "dummy:country_code_1:__Others__",
        "dummy:User_Agent:nmap/7.80",
        "dummy:User_Agent:curl/7.68.0",
        "dummy:User_Agent:Wget/1.20.3",
        "dummy:User_Agent:Mozilla/5.0",
        "dummy:User_Agent:Nikto/2.1.6",
        "dummy:User_Agent:python-requests/2.25.1",
        "dummy:User_Agent:N/A",
        "dummy:User_Agent:__Others__",
        "dummy:country_code:US",
        "dummy:country_code:CO",
        "dummy:country_code:FR",
        "dummy:country_code:NG",
        "dummy:country_code:EG",
        "dummy:country_code:RU",
        "dummy:country_code:PL",
        "dummy:country_code:CA",
        "dummy:country_code:JP",
        "dummy:country_code:DE",
        "dummy:country_code:KR",
        "dummy:country_code:DK",
        "dummy:country_code:HK",
        "dummy:country_code:N/A",
        "dummy:country_code:__Others__",
        "dummy:Protocol:ICMP",
        "dummy:Protocol:UDP",
        "dummy:Protocol:TCP",
        "dummy:Protocol:N/A",
        "dummy:Protocol:__Others__"
    ],
    "optimalThreshold": 0.425,
    "usedThreshold": 0.425,
    "perCutData": {
        "cut": [
            0.0,
            0.025,
            0.05,
            0.075,
            0.1,
            0.125,
            0.15,
            0.175,
            0.2,
            0.225,
            0.25,
            0.275,
            0.3,
            0.325,
            0.35,
            0.375,
            0.4,
            0.425,
            0.45,
            0.475,
            0.5,
            0.525,
            0.55,
            0.575,
            0.6,
            0.625,
            0.65,
            0.675,
            0.7,
            0.725,
            0.75,
            0.775,
            0.8,
            0.825,
            0.85,
            0.875,
            0.9,
            0.925,
            0.95,
            0.975
        ],
        "tp": [
            161,
            161,
            161,
            161,
            161,
            161,
            161,
            161,
            161,
            161,
            161,
            161,
            161,
            161,
            161,
            161,
            161,
            161,
            161,
            161,
            161,
            161,
            161,
            161,
            161,
            161,
            160,
            160,
            156,
            155,
            150,
            146,
            143,
            139,
            130,
            120,
            104,
            72,
            31,
            1
        ],
        "tn": [
            0,
            0,
            0,
            131,
            1515,
            1516,
            1516,
            1516,
            1516,
            1516,
            1516,
            1516,
            1516,
            1516,
            1516,
            1533,
            1598,
            1599,
            1599,
            1599,
            1599,
            1599,
            1599,
            1599,
            1599,
            1599,
            1599,
            1599,
            1599,
            1599,
            1599,
            1599,
            1599,
            1599,
            1599,
            1599,
            1599,
            1599,
            1599,
            1599
        ],
        "fp": [
            1599,
            1599,
            1599,
            1468,
            84,
            83,
            83,
            83,
            83,
            83,
            83,
            83,
            83,
            83,
            83,
            66,
            1,
            0,
            0,
            0,
            0,
            0,
            0,
            0,
            0,
            0,
            0,
            0,
            0,
            0,
            0,
            0,
            0,
            0,
            0,
            0,
            0,
            0,
            0,
            0
        ],
        "fn": [
            0,
            0,
            0,
            0,
            0,
            0,
            0,
            0,
            0,
            0,
            0,
            0,
            0,
            0,
            0,
            0,
            0,
            0,
            0,
            0,
            0,
            0,
            0,
            0,
            0,
            0,
            1,
            1,
            5,
            6,
            11,
            15,
            18,
            22,
            31,
            41,
            57,
            89,
            130,
            160
        ],
        "precision": [
            0.09147727272727273,
            0.09147727272727273,
            0.09147727272727273,
            0.09883364027010436,
            0.6571428571428571,
            0.6598360655737705,
            0.6598360655737705,
            0.6598360655737705,
            0.6598360655737705,
            0.6598360655737705,
            0.6598360655737705,
            0.6598360655737705,
            0.6598360655737705,
            0.6598360655737705,
            0.6598360655737705,
            0.7092511013215859,
            0.9938271604938271,
            1.0,
            1.0,
            1.0,
            1.0,
            1.0,
            1.0,
            1.0,
            1.0,
            1.0,
            1.0,
            1.0,
            1.0,
            1.0,
            1.0,
            1.0,
            1.0,
            1.0,
            1.0,
            1.0,
            1.0,
            1.0,
            1.0,
            1.0
        ],
        "recall": [
            1.0,
            1.0,
            1.0,
            1.0,
            1.0,
            1.0,
            1.0,
            1.0,
            1.0,
            1.0,
            1.0,
            1.0,
            1.0,
            1.0,
            1.0,
            1.0,
            1.0,
            1.0,
            1.0,
            1.0,
            1.0,
            1.0,
            1.0,
            1.0,
            1.0,
            1.0,
            0.9937888198757764,
            0.9937888198757764,
            0.968944099378882,
            0.9627329192546584,
            0.9316770186335404,
            0.906832298136646,
            0.8881987577639752,
            0.8633540372670807,
            0.8074534161490683,
            0.7453416149068323,
            0.6459627329192547,
            0.4472049689440994,
            0.19254658385093168,
            0.006211180124223602
        ],
        "accuracy": [
            0.09147727272727273,
            0.09147727272727273,
            0.09147727272727273,
            0.16590909090909092,
            0.9522727272727273,
            0.9528409090909091,
            0.9528409090909091,
            0.9528409090909091,
            0.9528409090909091,
            0.9528409090909091,
            0.9528409090909091,
            0.9528409090909091,
            0.9528409090909091,
            0.9528409090909091,
            0.9528409090909091,
            0.9625,
            0.9994318181818181,
            1.0,
            1.0,
            1.0,
            1.0,
            1.0,
            1.0,
            1.0,
            1.0,
            1.0,
            0.9994318181818181,
            0.9994318181818181,
            0.9971590909090909,
            0.9965909090909091,
            0.99375,
            0.9914772727272727,
            0.9897727272727272,
            0.9875,
            0.9823863636363637,
            0.9767045454545454,
            0.9676136363636364,
            0.9494318181818182,
            0.9261363636363636,
            0.9090909090909091
        ],
        "f1": [
            0.16762103071317022,
            0.16762103071317022,
            0.16762103071317022,
            0.17988826815642456,
            0.7931034482758621,
            0.7950617283950617,
            0.7950617283950617,
            0.7950617283950617,
            0.7950617283950617,
            0.7950617283950617,
            0.7950617283950617,
            0.7950617283950617,
            0.7950617283950617,
            0.7950617283950617,
            0.7950617283950617,
            0.8298969072164948,
            0.9969040247678018,
            1.0,
            1.0,
            1.0,
            1.0,
            1.0,
            1.0,
            1.0,
            1.0,
            1.0,
            0.9968847352024921,
            0.9968847352024921,
            0.9842271293375394,
            0.9810126582278481,
            0.9646302250803859,
            0.9511400651465798,
            0.9407894736842105,
            0.9266666666666666,
            0.8934707903780068,
            0.8540925266903914,
            0.7849056603773585,
            0.6180257510729614,
            0.3229166666666667,
            0.01234567901234568
        ],
        "mcc": [
            0.0,
            0.0,
            0.0,
            0.08998369275994675,
            0.7890635469706268,
            0.7909397342216593,
            0.7909397342216593,
            0.7909397342216593,
            0.7909397342216593,
            0.7909397342216593,
            0.7909397342216593,
            0.7909397342216593,
            0.7909397342216593,
            0.7909397342216593,
            0.7909397342216593,
            0.8246066920517956,
            0.996597024911272,
            1.0,
            1.0,
            1.0,
            1.0,
            1.0,
            1.0,
            1.0,
            1.0,
            1.0,
            0.9965779958755632,
            0.9965779958755632,
            0.9828141737208533,
            0.9793538266057632,
            0.9619311427930664,
            0.9478420167276873,
            0.9371827853073462,
            0.9228416490307133,
            0.8899982809738552,
            0.8524717441265496,
            0.7897648437456551,
            0.6508656036157933,
            0.4219826976254151,
            0.0751412428553546
        ],
        "hammingLoss": [
            0.9085227272727273,
            0.9085227272727273,
            0.9085227272727273,
            0.8340909090909091,
            0.04772727272727273,
            0.04715909090909087,
            0.04715909090909087,
            0.04715909090909087,
            0.04715909090909087,
            0.04715909090909087,
            0.04715909090909087,
            0.04715909090909087,
            0.04715909090909087,
            0.04715909090909087,
            0.04715909090909087,
            0.03749999999999998,
            0.0005681818181818565,
            0.0,
            0.0,
            0.0,
            0.0,
            0.0,
            0.0,
            0.0,
            0.0,
            0.0,
            0.0005681818181818565,
            0.0005681818181818565,
            0.0028409090909090606,
            0.003409090909090917,
            0.006249999999999978,
            0.008522727272727293,
            0.010227272727272751,
            0.012499999999999956,
            0.01761363636363633,
            0.023295454545454564,
            0.0323863636363636,
            0.05056818181818179,
            0.07386363636363635,
            0.09090909090909094
        ],
        "assertionsMetrics": [],
        "overridesMetrics": []
    },
    "tiMetrics": {
        "auc": 1.0,
        "logLoss": 0.10823454306949105,
        "lift": 2.5,
        "averagePrecision": 1.0,
        "calibrationLoss": 0.09948552180774624
    },
    "probaPercentiles": [
        0.06927174422011496,
        0.0702095748117221,
        0.0711022246411308,
        0.07187385215560527,
        0.07258241657325114,
        0.07363263772472338,
        0.07441108313120987,
        0.07542309024630275,
        0.07571862340524185,
        0.07601779523342445,
        0.07655699436902015,
        0.0770791289113032,
        0.07770702984764796,
        0.07806153156294703,
        0.07840912877438831,
        0.07892434506710772,
        0.07918622848864172,
        0.07944662199335382,
        0.07971794479434406,
        0.07996249258500211,
        0.08041025890385171,
        0.08073326405369768,
        0.08101767871150087,
        0.08132254132267851,
        0.08147386153094216,
        0.08173473429844796,
        0.0819159590413569,
        0.08213847446808284,
        0.08232547696279739,
        0.0824768826128891,
        0.08260755202261665,
        0.08271769280995434,
        0.08288124615035054,
        0.0829917013001657,
        0.08311655689545916,
        0.08324864848498251,
        0.08338674466447393,
        0.08352609388203637,
        0.08368839789734932,
        0.0838278671027252,
        0.08404904483251355,
        0.08424146444767175,
        0.08431817617363463,
        0.08442721530291934,
        0.0846711037911664,
        0.0847717038838121,
        0.08504234164174215,
        0.08516917500704535,
        0.08531718558662511,
        0.0854531078716515,
        0.0855786273606769,
        0.0856962576796095,
        0.0858052221972915,
        0.0859723271224863,
        0.08616596975030971,
        0.08627712488252151,
        0.08645164778459451,
        0.08655449834338196,
        0.08662434749185798,
        0.08677575892037699,
        0.08690835010163048,
        0.08709015337362697,
        0.08720816692470823,
        0.08737281708998168,
        0.08755080301578747,
        0.08774706362886026,
        0.08790688653558136,
        0.08817244921864363,
        0.08826157154593944,
        0.08842204713910799,
        0.08856413556458295,
        0.0887329985260932,
        0.08891569705647123,
        0.08909353968433112,
        0.08933828796159776,
        0.08959334042629595,
        0.08984597993448896,
        0.09000940785851638,
        0.09025165457715927,
        0.09045350177761155,
        0.09068038775327061,
        0.09111387765053826,
        0.09163327363535384,
        0.09252756976612171,
        0.09352368450202955,
        0.09663274379725348,
        0.3732956885411683,
        0.38208608376977327,
        0.38698443119447723,
        0.39082523105525935,
        0.6782555052236348,
        0.8143259177598872,
        0.8718370242153539,
        0.8959489623387796,
        0.917657920215329,
        0.9268620186625809,
        0.9324662820618338,
        0.9422141510918217,
        0.9635717939806058
    ],
    "rocVizData": [
        [
            {
                "x": 0.0,
                "y": 0.0,
                "p": 1.9807513025381127
            },
            {
                "x": 0.0,
                "y": 0.055900621118012424,
                "p": 0.9697452031726445
            },
            {
                "x": 0.0,
                "y": 0.14906832298136646,
                "p": 0.9599201453832528
            },
            {
                "x": 0.0,
                "y": 0.22981366459627328,
                "p": 0.9399638270251661
            },
            {
                "x": 0.0,
                "y": 0.3416149068322981,
                "p": 0.9321880543830215
            },
            {
                "x": 0.0,
                "y": 0.484472049689441,
                "p": 0.9217221457147844
            },
            {
                "x": 0.0,
                "y": 0.7080745341614907,
                "p": 0.8789943751768977
            },
            {
                "x": 0.0,
                "y": 1.0,
                "p": 0.6273192711627642
            },
            {
                "x": 0.05378361475922452,
                "y": 1.0,
                "p": 0.0967455655162832
            },
            {
                "x": 0.10381488430268918,
                "y": 1.0,
                "p": 0.09077138915723364
            },
            {
                "x": 0.15572232645403378,
                "y": 1.0,
                "p": 0.08976127470580338
            },
            {
                "x": 0.20637898686679174,
                "y": 1.0,
                "p": 0.08876200742530321
            },
            {
                "x": 0.26454033771106944,
                "y": 1.0,
                "p": 0.08789008508387466
            },
            {
                "x": 0.3151969981238274,
                "y": 1.0,
                "p": 0.08712501459619042
            },
            {
                "x": 0.36585365853658536,
                "y": 1.0,
                "p": 0.08654526020612431
            },
            {
                "x": 0.4165103189493433,
                "y": 1.0,
                "p": 0.0858056874401524
            },
            {
                "x": 0.46966854283927456,
                "y": 1.0,
                "p": 0.08522589893069137
            },
            {
                "x": 0.5196998123827392,
                "y": 1.0,
                "p": 0.08439289608178965
            },
            {
                "x": 0.5703564727954972,
                "y": 1.0,
                "p": 0.08369558737503885
            },
            {
                "x": 0.6216385240775485,
                "y": 1.0,
                "p": 0.08303919825740363
            },
            {
                "x": 0.6722951844903065,
                "y": 1.0,
                "p": 0.08246542104012498
            },
            {
                "x": 0.726078799249531,
                "y": 1.0,
                "p": 0.08146859957810569
            },
            {
                "x": 0.7792370231394622,
                "y": 1.0,
                "p": 0.0800005122705229
            },
            {
                "x": 0.8398999374609131,
                "y": 1.0,
                "p": 0.07831050844648581
            },
            {
                "x": 0.8911819887429644,
                "y": 1.0,
                "p": 0.07592842340117939
            },
            {
                "x": 0.943089430894309,
                "y": 1.0,
                "p": 0.07265151579464214
            },
            {
                "x": 0.9943714821763602,
                "y": 1.0,
                "p": 0.06839603135552837
            },
            {
                "x": 1.0,
                "y": 1.0,
                "p": 0.06288713770390846
            }
        ]
    ],
    "liftVizData": {
        "bins": [
            {
                "bin_pos_prop": 0.9147727273,
                "bin_lift": 10.0,
                "cum_lift": 1.0,
                "cum_size": 0.1,
                "bin_min": 0.3908252311,
                "bin_max": 0.9807513025,
                "percentile_idx": 0
            },
            {
                "bin_pos_prop": 0.0,
                "bin_lift": 0.0,
                "cum_lift": 1.0,
                "cum_size": 0.2,
                "bin_min": 0.0904535018,
                "bin_max": 0.3908252311,
                "percentile_idx": 1
            },
            {
                "bin_pos_prop": 0.0,
                "bin_lift": 0.0,
                "cum_lift": 1.0,
                "cum_size": 0.3,
                "bin_min": 0.0884220471,
                "bin_max": 0.0904535018,
                "percentile_idx": 2
            },
            {
                "bin_pos_prop": 0.0,
                "bin_lift": 0.0,
                "cum_lift": 1.0,
                "cum_size": 0.4,
                "bin_min": 0.0867757589,
                "bin_max": 0.0884220471,
                "percentile_idx": 3
            },
            {
                "bin_pos_prop": 0.0,
                "bin_lift": 0.0,
                "cum_lift": 1.0,
                "cum_size": 0.5,
                "bin_min": 0.0854531079,
                "bin_max": 0.0867757589,
                "percentile_idx": 4
            },
            {
                "bin_pos_prop": 0.0,
                "bin_lift": 0.0,
                "cum_lift": 1.0,
                "cum_size": 0.6,
                "bin_min": 0.0838278671,
                "bin_max": 0.0854531079,
                "percentile_idx": 5
            },
            {
                "bin_pos_prop": 0.0,
                "bin_lift": 0.0,
                "cum_lift": 1.0,
                "cum_size": 0.7,
                "bin_min": 0.0824768826,
                "bin_max": 0.0838278671,
                "percentile_idx": 6
            },
            {
                "bin_pos_prop": 0.0,
                "bin_lift": 0.0,
                "cum_lift": 1.0,
                "cum_size": 0.7994318182,
                "bin_min": 0.0799624926,
                "bin_max": 0.0824768826,
                "percentile_idx": 7
            },
            {
                "bin_pos_prop": 0.0,
                "bin_lift": 0.0,
                "cum_lift": 1.0,
                "cum_size": 0.9,
                "bin_min": 0.0760177952,
                "bin_max": 0.0799624926,
                "percentile_idx": 8
            },
            {
                "bin_pos_prop": 0.0,
                "bin_lift": 0.0,
                "cum_lift": 1.0,
                "cum_size": 1.0,
                "bin_min": 0.0628871377,
                "bin_max": 0.0760177952,
                "percentile_idx": 9
            }
        ],
        "wizard": {
            "positives": 161,
            "total": 1760
        }
    },
    "prVizData": [
        {
            "bins": [
                {
                    "x": 1.0,
                    "y": 0.09147727272727273,
                    "p": 0.06288713770390846
                },
                {
                    "x": 1.0,
                    "y": 0.14160070360598065,
                    "p": 0.08320700452639293
                },
                {
                    "x": 1.0,
                    "y": 0.19166666666666668,
                    "p": 0.08573965711190366
                },
                {
                    "x": 1.0,
                    "y": 0.24210526315789474,
                    "p": 0.08712501459619042
                },
                {
                    "x": 1.0,
                    "y": 0.29219600725952816,
                    "p": 0.0882466957713485
                },
                {
                    "x": 1.0,
                    "y": 0.3425531914893617,
                    "p": 0.08896054459735948
                },
                {
                    "x": 1.0,
                    "y": 0.3926829268292683,
                    "p": 0.08976127470580338
                },
                {
                    "x": 1.0,
                    "y": 0.44352617079889806,
                    "p": 0.090360394023843
                },
                {
                    "x": 1.0,
                    "y": 0.4938650306748466,
                    "p": 0.09082767326692029
                },
                {
                    "x": 1.0,
                    "y": 0.5457627118644067,
                    "p": 0.09204630789659833
                },
                {
                    "x": 1.0,
                    "y": 0.5985130111524164,
                    "p": 0.09299831736368543
                },
                {
                    "x": 1.0,
                    "y": 0.6518218623481782,
                    "p": 0.0967455655162832
                },
                {
                    "x": 1.0,
                    "y": 0.7030567685589519,
                    "p": 0.3739561933019074
                },
                {
                    "x": 1.0,
                    "y": 0.755868544600939,
                    "p": 0.38149585773386285
                },
                {
                    "x": 1.0,
                    "y": 0.8090452261306532,
                    "p": 0.3855842700066392
                },
                {
                    "x": 1.0,
                    "y": 0.8655913978494624,
                    "p": 0.3884348158468438
                },
                {
                    "x": 1.0,
                    "y": 0.92,
                    "p": 0.3917677797791186
                },
                {
                    "x": 1.0,
                    "y": 0.9757575757575757,
                    "p": 0.3974603875161262
                },
                {
                    "x": 0.968944099378882,
                    "y": 1.0,
                    "p": 0.7079235856353592
                },
                {
                    "x": 0.9130434782608695,
                    "y": 1.0,
                    "p": 0.7604324265797863
                },
                {
                    "x": 0.8571428571428571,
                    "y": 1.0,
                    "p": 0.837688559596619
                },
                {
                    "x": 0.8012422360248447,
                    "y": 1.0,
                    "p": 0.8528563558774274
                },
                {
                    "x": 0.7453416149068323,
                    "y": 1.0,
                    "p": 0.8752148651482387
                },
                {
                    "x": 0.6894409937888198,
                    "y": 1.0,
                    "p": 0.8893689212977212
                },
                {
                    "x": 0.6335403726708074,
                    "y": 1.0,
                    "p": 0.9048759081322221
                },
                {
                    "x": 0.577639751552795,
                    "y": 1.0,
                    "p": 0.9146985370631177
                },
                {
                    "x": 0.5217391304347826,
                    "y": 1.0,
                    "p": 0.9202850548752787
                },
                {
                    "x": 0.4658385093167702,
                    "y": 1.0,
                    "p": 0.9228699717644971
                },
                {
                    "x": 0.40993788819875776,
                    "y": 1.0,
                    "p": 0.9276401028941363
                },
                {
                    "x": 0.35403726708074534,
                    "y": 1.0,
                    "p": 0.931879747990398
                },
                {
                    "x": 0.2981366459627329,
                    "y": 1.0,
                    "p": 0.9352035393765761
                },
                {
                    "x": 0.2422360248447205,
                    "y": 1.0,
                    "p": 0.9395511181303826
                },
                {
                    "x": 0.18633540372670807,
                    "y": 1.0,
                    "p": 0.9580606197027562
                },
                {
                    "x": 0.13043478260869565,
                    "y": 1.0,
                    "p": 0.9621914525805502
                },
                {
                    "x": 0.07453416149068323,
                    "y": 1.0,
                    "p": 0.969708901903677
                },
                {
                    "x": 0.018633540372670808,
                    "y": 1.0,
                    "p": 0.9718100484030242
                },
                {
                    "x": 0.006211180124223602,
                    "y": 1.0,
                    "p": 0.9807513025381127
                }
            ],
            "positiveRate": 0.09147727272727273
        }
    ],
    "densityData": {
        "0": {
            "actualIsThisClass": [
                1.0447154888897126e-299,
                9.641504589284545e-290,
                6.016564035751624e-280,
                2.538688886765636e-270,
                7.243157552664567e-261,
                1.3973469673656252e-251,
                1.8227994499017064e-242,
                1.6078011878311422e-233,
                9.589263283080008e-225,
                3.8672150108291304e-216,
                1.0545628162934595e-207,
                1.9445033776647753e-199,
                2.4244225884704884e-191,
                2.0439620163950813e-183,
                1.1652094655239513e-175,
                4.491630602191057e-168,
                1.170780540103867e-160,
                2.0635808963809993e-153,
                2.45949400021829e-146,
                1.9822241934722178e-139,
                1.0803087243533446e-132,
                3.9814159568393756e-126,
                9.922692646126091e-120,
                1.672373122747101e-113,
                1.9061615872565263e-107,
                1.469341303296611e-101,
                7.660170432637455e-96,
                2.7010129175178347e-90,
                6.441858486517336e-85,
                1.0392517601792817e-79,
                1.1342015856187874e-74,
                8.374556184548553e-70,
                4.183950671408234e-65,
                1.41457695950724e-60,
                3.2371087635970143e-56,
                5.014994303981732e-52,
                5.261115185852961e-48,
                3.7386579199602665e-44,
                1.8003242767552646e-40,
                5.877417352105216e-37,
                1.3015851561280187e-33,
                1.9566574888273628e-30,
                1.9984284419077366e-27,
                1.388208791403198e-24,
                6.567176692018719e-22,
                2.1191048034929452e-19,
                4.6732581419159173e-17,
                7.059956309012331e-15,
                7.326918350752391e-13,
                5.2410201382616764e-11,
                2.593805760921573e-09,
                8.919154692953201e-08,
                2.140598547337293e-06,
                3.602151026169179e-05,
                0.00042689017303004193,
                0.003577275041720871,
                0.02127478305292711,
                0.09011943070002443,
                0.27304954621376,
                0.5952588785579399,
                0.9422142971700561,
                1.0976654639484955,
                0.9584640707786853,
                0.6398097100866966,
                0.33120723485997916,
                0.13318364191902632,
                0.04111648789794099,
                0.009562399727835418,
                0.0016434203842694245,
                0.0002053515268987861,
                1.841144974356068e-05,
                1.171480154646535e-06,
                5.2396936968360784e-08,
                1.6338733755740357e-09,
                3.527255557831905e-11,
                5.241740416963611e-13,
                5.881936996725978e-15,
                6.19209639673658e-14,
                6.503248504961261e-12,
                4.857766038534546e-10,
                2.6069825645507697e-08,
                9.999058997686638e-07,
                2.7208165976497077e-05,
                0.0005213904729198043,
                0.006994307303097014,
                0.06540953263962565,
                0.42543996530992867,
                1.9231719192729335,
                6.0460275671721,
                13.244677045810151,
                20.28225608103972,
                21.806817570626244,
                16.549828174471468,
                8.917710017995823,
                3.4302756924898135,
                0.9455848402563967,
                0.18703738431152123,
                0.026502432779669915,
                0.00267891273442852,
                0.00019209119613916966
            ],
            "actualIsNotThisClass": [
                1.5365858287205973,
                2.4593863007212247,
                3.5844130609683176,
                4.807752839655786,
                5.99066724021575,
                6.977521004331242,
                7.614425194849504,
                7.786427304898899,
                7.470901257698368,
                6.7674137409829385,
                5.864834260245683,
                4.9574303507411335,
                4.168054459239037,
                3.526578561673436,
                3.001568306315739,
                2.5479390571444074,
                2.1380812324391103,
                1.76845214744297,
                1.4508260434080122,
                1.2004141100697647,
                1.0278945121576788,
                0.9353474637858075,
                0.9127242205072617,
                0.934932525483162,
                0.9650950474230845,
                0.9676946895994619,
                0.9251880860342028,
                0.8447956841213529,
                0.7488639205177713,
                0.6569219952068849,
                0.5744966639407648,
                0.49594819114687,
                0.4153970404073429,
                0.33447535680702467,
                0.2611213902581577,
                0.20255459680668078,
                0.15970187482015005,
                0.12751618600494066,
                0.09973371437542389,
                0.07326037510026413,
                0.04890520160021566,
                0.029075334031959162,
                0.015227006303009489,
                0.0069853027864158306,
                0.002799102393275414,
                0.0009783910173818658,
                0.0002981045273788565,
                7.914800115951497e-05,
                1.8308538429919955e-05,
                3.689551170350653e-06,
                6.477113740115396e-07,
                9.905323305444314e-08,
                1.3195639843583527e-08,
                1.5313155067416974e-09,
                1.5479973639400386e-10,
                1.3631589614155833e-11,
                1.045666653887609e-12,
                6.987315340134506e-14,
                4.067220214367622e-15,
                2.0623162072093898e-16,
                9.109258535750534e-18,
                3.504943317151982e-19,
                1.174760031253773e-20,
                3.429947842035104e-22,
                8.723606332939129e-24,
                1.9327460353302935e-25,
                3.730127799137389e-27,
                6.27108692189224e-29,
                9.184005130499702e-31,
                1.1716330208107659e-32,
                1.3020308574543255e-34,
                1.2604369871038143e-36,
                1.0628970193489798e-38,
                7.807849395290935e-41,
                4.996223461631236e-43,
                2.7849824929431956e-45,
                1.352300699528922e-47,
                5.719976758773635e-50,
                2.107586674028355e-52,
                6.764673062209737e-55,
                1.8913781525001727e-57,
                4.60659585657625e-60,
                9.773543389735434e-63,
                1.8063178196116274e-65,
                2.9080808433783686e-68,
                4.078392063724266e-71,
                4.982435195646069e-74,
                5.302302888095947e-77,
                4.915385623192486e-80,
                3.969363257758211e-83,
                2.7922498999288106e-86,
                1.7110311298037293e-89,
                9.133384186368806e-93,
                4.246936129671382e-96,
                1.7202434832718997e-99,
                6.069798880923745e-103,
                1.8656444023242438e-106,
                4.995208562552825e-110,
                1.1650607474276392e-113,
                2.3670841827738702e-117
            ],
            "actualIsThisClassMedian": 0.9152597597783712,
            "actualIsNotThisClassMedian": 0.07827977234142175
        },
        "1": {
            "actualIsThisClass": [
                2.3670841827656623e-117,
                1.1650607474237982e-113,
                4.9952085625373495e-110,
                1.8656444023185172e-106,
                6.069798880906149e-103,
                1.7202434832671083e-99,
                4.246936129659675e-96,
                9.133384186345182e-93,
                1.7110311297993524e-89,
                2.792249899922144e-86,
                3.969363257749073e-83,
                4.915385623181589e-80,
                5.3023028880846436e-77,
                4.982435195635732e-74,
                4.078392063716268e-71,
                2.9080808433727483e-68,
                1.8063178196083416e-65,
                9.77354338971849e-63,
                4.6065958565686564e-60,
                1.8913781524971088e-57,
                6.764673062199354e-55,
                2.1075866740253e-52,
                5.719976758765263e-50,
                1.352300699527154e-47,
                2.784982492939713e-45,
                4.996223461625201e-43,
                7.807849395282058e-41,
                1.0628970193478319e-38,
                1.2604369871025605e-36,
                1.302030857453123e-34,
                1.1716330208097335e-32,
                9.184005130492133e-31,
                6.271086921887339e-29,
                3.730127799134686e-27,
                1.93274603532892e-25,
                8.723606332933673e-24,
                3.4299478420331303e-22,
                1.1747600312531302e-20,
                3.504943317150289e-19,
                9.109258535746262e-18,
                2.06231620720854e-16,
                4.067220214366003e-15,
                6.987315340132023e-14,
                1.0456666538872822e-12,
                1.3631589614151862e-11,
                1.5479973639396537e-10,
                1.5313155067413492e-09,
                1.3195639843581088e-08,
                9.905323305442625e-08,
                6.47711374011443e-07,
                3.689551170350181e-06,
                1.8308538429918067e-05,
                7.914800115950836e-05,
                0.0002981045273788353,
                0.0009783910173818164,
                0.0027991023932752946,
                0.006985302786415644,
                0.015227006303009176,
                0.0290753340319588,
                0.048905201600215484,
                0.07326037510026394,
                0.09973371437542403,
                0.1275161860049406,
                0.15970187482015005,
                0.20255459680668078,
                0.2611213902581575,
                0.3344753568070251,
                0.41539704040734365,
                0.49594819114687044,
                0.5744966639407643,
                0.6569219952068849,
                0.7488639205177693,
                0.8447956841213514,
                0.9251880860342028,
                0.9676946895994627,
                0.9650950474230853,
                0.934932525483162,
                0.91272422050726,
                0.9353474637858058,
                1.0278945121576761,
                1.2004141100697605,
                1.4508260434080096,
                1.768452147442973,
                2.138081232439114,
                2.5479390571444074,
                3.001568306315739,
                3.5265785616734266,
                4.168054459239025,
                4.9574303507411335,
                5.864834260245688,
                6.7674137409829624,
                7.4709012576983875,
                7.786427304898933,
                7.614425194849538,
                6.977521004331248,
                5.99066724021575,
                4.807752839655772,
                3.5844130609683145,
                2.459386300721209,
                1.5365858287205891
            ],
            "actualIsNotThisClass": [
                0.00019209119613915635,
                0.002678912734428394,
                0.026502432779669433,
                0.18703738431151673,
                0.94558484025639,
                3.430275692489826,
                8.917710017995885,
                16.54982817447153,
                21.806817570626283,
                20.28225608103979,
                13.244677045810034,
                6.046027567172015,
                1.9231719192728927,
                0.42543996530992073,
                0.06540953263962408,
                0.006994307303094995,
                0.0005213904729199289,
                2.720816597755621e-05,
                9.99905899914789e-07,
                2.6069825645503714e-08,
                4.857766828299741e-10,
                6.50490868736375e-12,
                6.264859869215408e-14,
                5.766858036577928e-15,
                5.241740545284744e-13,
                3.527255557835163e-11,
                1.6338733755738964e-09,
                5.2396936968357436e-08,
                1.1714801546464915e-06,
                1.841144974356022e-05,
                0.00020535152689878027,
                0.0016434203842694115,
                0.009562399727835283,
                0.04111648789794099,
                0.13318364191902585,
                0.3312072348599803,
                0.639809710086699,
                0.9584640707786871,
                1.0976654639485013,
                0.9422142971700579,
                0.5952588785579378,
                0.273049546213759,
                0.09011943070002354,
                0.021274783052926554,
                0.0035772750417207757,
                0.00042689017303002225,
                3.6021510261690004e-05,
                2.1405985473371295e-06,
                8.919154692952283e-08,
                2.5938057609213335e-09,
                5.241020138261118e-11,
                7.326918350751194e-13,
                7.059956309010776e-15,
                4.6732581419149547e-17,
                2.1191048034924182e-19,
                6.567176692016852e-22,
                1.3882087914027049e-24,
                1.998428441907055e-27,
                1.956657488826751e-30,
                1.3015851561274638e-33,
                5.877417352102376e-37,
                1.8003242767543437e-40,
                3.7386579199580884e-44,
                5.261115185849073e-48,
                5.014994303978383e-52,
                3.237108763594438e-56,
                1.414576959506034e-60,
                4.18395067140443e-65,
                8.374556184539508e-70,
                1.1342015856175623e-74,
                1.0392517601782184e-79,
                6.441858486510562e-85,
                2.7010129175145336e-90,
                7.660170432626787e-96,
                1.469341303294356e-101,
                1.9061615872537093e-107,
                1.672373122744439e-113,
                9.922692646110298e-120,
                3.981415956833039e-126,
                1.0803087243510726e-132,
                1.982224193468274e-139,
                2.459494000213117e-146,
                2.06358089637619e-153,
                1.1707805401012048e-160,
                4.491630602180078e-168,
                1.1652094655213681e-175,
                2.043962016390085e-183,
                2.4244225884637356e-191,
                1.9445033776592486e-199,
                1.0545628162904023e-207,
                3.8672150108166004e-216,
                9.589263283053844e-225,
                1.6078011878256587e-233,
                1.822799449895904e-242,
                1.397346967360065e-251,
                7.243157552639039e-261,
                2.5386888867561114e-270,
                6.016564035727001e-280,
                9.641504589247277e-290,
                1.0447154888855556e-299
            ],
            "actualIsThisClassMedian": 0.9217202276585801,
            "actualIsNotThisClassMedian": 0.08474024022163322
        }
    },
    "calibrationData": [
        {
            "y": 0,
            "x": 0,
            "n": 0
        },
        {
            "y": 0.0,
            "x": 0.08354917681835249,
            "n": 1515.0
        },
        {
            "y": 0.0,
            "x": 0.10372362491646035,
            "n": 1.0
        },
        {
            "y": 0.0,
            "x": 0.3824191510724303,
            "n": 82.0
        },
        {
            "y": 0.0,
            "x": 0.40269072101700554,
            "n": 1.0
        },
        {
            "y": 1.0,
            "x": 0.6759384085437923,
            "n": 5.0
        },
        {
            "y": 1.0,
            "x": 0.7541769614050052,
            "n": 13.0
        },
        {
            "y": 1.0,
            "x": 0.8619060546279399,
            "n": 39.0
        },
        {
            "y": 1.0,
            "x": 0.93797058231317,
            "n": 104.0
        },
        {
            "y": 1,
            "x": 1,
            "n": 0
        }
    ],
    "probaDistribData": {
        "bins": [
            0.0,
            0.1,
            0.2,
            0.3,
            0.4,
            0.5,
            0.6,
            0.7,
            0.8,
            0.9,
            1.0
        ],
        "probaDistribs": [
            [
                1515.0,
                1.0,
                0.0,
                82.0,
                1.0,
                0.0,
                0.0,
                0.0,
                0.0,
                0.0
            ],
            [
                0.0,
                0.0,
                0.0,
                0.0,
                0.0,
                0.0,
                5.0,
                13.0,
                39.0,
                104.0
            ]
        ]
    },
    "globalMetrics": {
        "testWeight": 1760,
        "targetAvg": [
            0.09147727272727273
        ],
        "targetStd": [
            0.28836856498729213
        ],
        "predictionAvg": [
            0.09147727272727273
        ],
        "predictionStd": [
            0.28828663045943165
        ]
    }
}