{
    "predictedClassCountPerCut": [
        {
            "1": 1760
        },
        {
            "1": 1760
        },
        {
            "1": 1760
        },
        {
            "1": 1629,
            "0": 131
        },
        {
            "0": 1515,
            "1": 245
        },
        {
            "0": 1516,
            "1": 244
        },
        {
            "0": 1516,
            "1": 244
        },
        {
            "0": 1516,
            "1": 244
        },
        {
            "0": 1516,
            "1": 244
        },
        {
            "0": 1516,
            "1": 244
        },
        {
            "0": 1516,
            "1": 244
        },
        {
            "0": 1516,
            "1": 244
        },
        {
            "0": 1516,
            "1": 244
        },
        {
            "0": 1516,
            "1": 244
        },
        {
            "0": 1516,
            "1": 244
        },
        {
            "0": 1533,
            "1": 227
        },
        {
            "0": 1598,
            "1": 162
        },
        {
            "0": 1599,
            "1": 161
        },
        {
            "0": 1599,
            "1": 161
        },
        {
            "0": 1599,
            "1": 161
        },
        {
            "0": 1599,
            "1": 161
        },
        {
            "0": 1599,
            "1": 161
        },
        {
            "0": 1599,
            "1": 161
        },
        {
            "0": 1599,
            "1": 161
        },
        {
            "0": 1599,
            "1": 161
        },
        {
            "0": 1599,
            "1": 161
        },
        {
            "0": 1600,
            "1": 160
        },
        {
            "0": 1600,
            "1": 160
        },
        {
            "0": 1604,
            "1": 156
        },
        {
            "0": 1605,
            "1": 155
        },
        {
            "0": 1610,
            "1": 150
        },
        {
            "0": 1614,
            "1": 146
        },
        {
            "0": 1617,
            "1": 143
        },
        {
            "0": 1621,
            "1": 139
        },
        {
            "0": 1630,
            "1": 130
        },
        {
            "0": 1640,
            "1": 120
        },
        {
            "0": 1656,
            "1": 104
        },
        {
            "0": 1688,
            "1": 72
        },
        {
            "0": 1729,
            "1": 31
        },
        {
            "0": 1759,
            "1": 1
        }
    ],
    "cuts": [
        0.0,
        0.025,
        0.05,
        0.075,
        0.1,
        0.125,
        0.15,
        0.175,
        0.2,
        0.225,
        0.25,
        0.275,
        0.3,
        0.325,
        0.35,
        0.375,
        0.4,
        0.425,
        0.45,
        0.475,
        0.5,
        0.525,
        0.55,
        0.575,
        0.6,
        0.625,
        0.65,
        0.675,
        0.7,
        0.725,
        0.75,
        0.775,
        0.8,
        0.825,
        0.85,
        0.875,
        0.9,
        0.925,
        0.95,
        0.975
    ],
    "predictedClassCount": {
        "0": 1599,
        "1": 161
    },
    "probabilityDensities": {
        "0": {
            "density": [
                0.24113652119697646,
                0.28507295607988387,
                0.3286373969235637,
                0.36959492824307116,
                0.40568141928036955,
                0.4348336657721602,
                0.4554087065835294,
                0.4663579464871449,
                0.46732874824917553,
                0.4586789822366356,
                0.4414056937907378,
                0.4170038706397678,
                0.3872818848121814,
                0.35416444782666395,
                0.3195115698934714,
                0.2849745115413096,
                0.25189964327844766,
                0.2212812874465707,
                0.1937571707847161,
                0.16963607994415864,
                0.14894650414705757,
                0.1314964542384425,
                0.1169369755031326,
                0.10482407119151418,
                0.09467529992555739,
                0.08601821337069791,
                0.07842840112924523,
                0.07155559632178499,
                0.06513728206566705,
                0.05900048224668259,
                0.05305367489264098,
                0.04727172714437461,
                0.041677192436706756,
                0.036321172517974364,
                0.03126633596736446,
                0.026573815231813763,
                0.022294814880969425,
                0.018467047985956046,
                0.015115683447445296,
                0.012258348783417144,
                0.009913819343645429,
                0.008114195955542275,
                0.0069204387245185685,
                0.006440874555362558,
                0.006851547053872458,
                0.008415947380934633,
                0.01149986068584663,
                0.016575161249720357,
                0.02420506019525337,
                0.03500343378091285,
                0.0495633066463517,
                0.0683548356733106,
                0.09160097534918549,
                0.1191480956502365,
                0.1503568284411385,
                0.18404241924603015,
                0.21849123265057566,
                0.2515695427417812,
                0.28092332160362987,
                0.30424690308503544,
                0.3195794793605666,
                0.3255770807766648,
                0.321708173500589,
                0.30833436129581765,
                0.28666124961004624,
                0.25857261597874426,
                0.22638663423807798,
                0.19258994933190204,
                0.159610548784256,
                0.1296836992551763,
                0.10484955539814322,
                0.0871003585171845,
                0.07867258253496606,
                0.08245604727490334,
                0.10246697694135137,
                0.14430383474247027,
                0.21547424894228653,
                0.32545397153070016,
                0.4853261153423279,
                0.7068669645650785,
                1.0010090881468219,
                1.3757307266527203,
                1.8335833476886592,
                2.369246085061609,
                2.9676360781149738,
                3.603148926944608,
                4.24050635189275,
                4.837434688221204,
                5.349022621866751,
                5.733192946306527,
                5.956384367444981,
                5.998384317190866,
                5.855348180400115,
                5.540379468540238,
                5.081549383636851,
                4.517770444462125,
                3.893364510397674,
                3.2523734063168086,
                2.633611466161009,
                2.0671905720592636
            ],
            "median": 0.9145468921283526
        },
        "1": {
            "density": [
                2.0671905720592565,
                2.6336114661610326,
                3.252373406316797,
                3.8933645103977015,
                4.517770444462141,
                5.081549383636932,
                5.540379468540277,
                5.855348180400093,
                5.9983843171908875,
                5.956384367445065,
                5.733192946306548,
                5.349022621866789,
                4.837434688221204,
                4.240506351892728,
                3.603148926944608,
                2.967636078114953,
                2.3692460850615875,
                1.8335833476886427,
                1.3757307266527081,
                1.0010090881468083,
                0.706866964565069,
                0.4853261153423219,
                0.3254539715306973,
                0.21547424894228348,
                0.14430383474246705,
                0.10246697694134937,
                0.08245604727490173,
                0.0786725825349653,
                0.08710035851718351,
                0.10484955539814285,
                0.1296836992551761,
                0.1596105487842556,
                0.1925899493319022,
                0.22638663423807737,
                0.25857261597874215,
                0.2866612496100475,
                0.30833436129582037,
                0.32170817350059017,
                0.3255770807766622,
                0.3195794793605643,
                0.3042469030850376,
                0.2809233216036286,
                0.2515695427417812,
                0.21849123265057566,
                0.18404241924602965,
                0.15035682844113812,
                0.1191480956502362,
                0.09160097534918492,
                0.06835483567331012,
                0.04956330664635135,
                0.035003433780912384,
                0.02420506019525313,
                0.016575161249719885,
                0.011499860685846191,
                0.008415947380934475,
                0.006851547053872349,
                0.006440874555362284,
                0.006920438724518507,
                0.00811419595554221,
                0.009913819343645332,
                0.012258348783417177,
                0.015115683447445256,
                0.018467047985955966,
                0.022294814880969446,
                0.026573815231813742,
                0.03126633596736429,
                0.036321172517974426,
                0.04167719243670687,
                0.04727172714437457,
                0.053053674892640505,
                0.059000482246682855,
                0.06513728206566705,
                0.07155559632178499,
                0.07842840112924523,
                0.08601821337069807,
                0.09467529992555772,
                0.10482407119151466,
                0.1169369755031326,
                0.1314964542384425,
                0.14894650414705796,
                0.16963607994415864,
                0.19375717078471577,
                0.22128128744657108,
                0.25189964327844877,
                0.2849745115413093,
                0.31951156989347224,
                0.35416444782666334,
                0.3872818848121831,
                0.41700387063976746,
                0.44140569379073696,
                0.45867898223663606,
                0.4673287482491772,
                0.4663579464871478,
                0.4554087065835298,
                0.4348336657721629,
                0.405681419280371,
                0.36959492824307116,
                0.32863739692356486,
                0.2850729560798846,
                0.24113652119697754
            ],
            "median": 0.0854531078716515
        }
    }
}