{
  "starred": false,
  "clusterMetas": {},
  "customMeta": {
    "kv": {}
  },
  "tags": [],
  "activeClassifierThreshold": 0.425,
  "description": "",
  "name": "Random forest (s3)",
  "labels": [
    {
      "key": "trainDataset:dataset-name",
      "value": "network_logs-ip-in-out_format"
    },
    {
      "key": "testDataset:dataset-name",
      "value": "network_logs-ip-in-out_format"
    },
    {
      "key": "evaluationDataset:dataset-name",
      "value": "network_logs-ip-in-out_format"
    },
    {
      "key": "model:algorithm",
      "value": "RANDOM_FOREST_CLASSIFICATION"
    },
    {
      "key": "model:name",
      "value": "Random forest (s3)"
    },
    {
      "key": "model:date",
      "value": "2026-01-22T18:15:16.142+0000"
    },
    {
      "key": "evaluation:date",
      "value": "2026-01-22T18:15:16.142+0000"
    }
  ]
}