{
    "per_feature": {
        "Status": {
            "stats": {
                "mostFrequentValue": "Success",
                "leastFrequentValue": "Failure"
            },
            "category_possible_values": [
                "Success",
                "Failure"
            ],
            "category_possible_counts": [
                6197,
                889
            ]
        },
        "Request_Type": {
            "stats": {
                "mostFrequentValue": "SMTP",
                "leastFrequentValue": "HTTPS"
            },
            "category_possible_values": [
                "SMTP",
                "HTTP",
                "Telnet",
                "FTP",
                "DNS",
                "SSH",
                "HTTPS"
            ],
            "category_possible_counts": [
                1074,
                1023,
                1016,
                1012,
                1005,
                994,
                962
            ]
        },
        "Intrusion": {
            "stats": {}
        },
        "Source_IP_int": {
            "stats": {
                "min": 300252463.0,
                "average": 3160636499.5222974,
                "median": 3232267793.0,
                "max": 3681463971.0,
                "p99": 3594500727.0,
                "std": 405180373.76225436
            },
            "missing_impute_with_value": 3160636499.5222974
        },
        "Scan_Type": {
            "stats": {}
        },
        "Destination_IP_int": {
            "stats": {
                "min": 16834980.0,
                "average": 2402295844.4112334,
                "median": 2664273528.0,
                "max": 3758034218.0,
                "p99": 3742049166.6,
                "std": 1079118429.3919146
            },
            "missing_impute_with_value": 2402295844.4112334
        },
        "Port": {
            "stats": {}
        },
        "Destination_IP": {
            "stats": {}
        },
        "country_code_1": {
            "stats": {
                "mostFrequentValue": "US",
                "leastFrequentValue": "AL"
            },
            "category_possible_values": [
                "US",
                "CN",
                "JP",
                "DE",
                "KR",
                "GB",
                "BR",
                "CA",
                "FR",
                "AU",
                "IT",
                "NL",
                "IN",
                "RU",
                "TW",
                "ZA",
                "MX",
                "SE",
                "EG",
                "ES",
                "HK",
                "CH",
                "SG",
                "CO",
                "PL",
                "AR",
                "TR",
                "ID",
                "VN",
                "FI",
                "BE",
                "NO",
                "CL",
                "DK",
                "TH",
                "IL",
                "IE",
                "AT",
                "NZ",
                "TN",
                "MA",
                "SA",
                "CZ",
                "UA",
                "KE",
                "PK",
                "DZ",
                "MY",
                "MU",
                "AE",
                "IR",
                "GR",
                "EC",
                "PT",
                "VE",
                "BG",
                "PH",
                "RO",
                "HU",
                "CI",
                "UY",
                "GH",
                "CR",
                "SI",
                "PE",
                "NG",
                "HR",
                "BD",
                "RS",
                "LV",
                "PA",
                "EE",
                "AO",
                "DO",
                "SK",
                "LT",
                "SD",
                "LB",
                "KW",
                "LU",
                "GI",
                "GT",
                "GA",
                "UZ",
                "MK",
                "KG",
                "PS",
                "MT",
                "GM",
                "BA",
                "BB",
                "CU",
                "CY",
                "ET",
                "AM",
                "LK",
                "KZ",
                "QA",
                "SV",
                "TG",
                "TZ"
            ],
            "category_possible_counts": [
                2740,
                627,
                461,
                253,
                243,
                228,
                216,
                200,
                136,
                120,
                111,
                109,
                84,
                75,
                68,
                66,
                64,
                64,
                60,
                56,
                54,
                46,
                45,
                42,
                41,
                39,
                39,
                37,
                36,
                32,
                30,
                29,
                27,
                24,
                24,
                24,
                23,
                22,
                22,
                22,
                22,
                19,
                19,
                18,
                17,
                14,
                14,
                14,
                13,
                12,
                12,
                11,
                11,
                11,
                10,
                10,
                10,
                9,
                9,
                8,
                8,
                8,
                8,
                8,
                8,
                6,
                5,
                4,
                4,
                4,
                4,
                4,
                4,
                4,
                4,
                3,
                3,
                3,
                3,
                3,
                3,
                3,
                3,
                2,
                2,
                2,
                2,
                2,
                2,
                2,
                2,
                2,
                2,
                2,
                2,
                2,
                2,
                2,
                2,
                2,
                1
            ]
        },
        "User_Agent": {
            "stats": {
                "mostFrequentValue": "nmap/7.80",
                "leastFrequentValue": "python-requests/2.25.1"
            },
            "category_possible_values": [
                "nmap/7.80",
                "curl/7.68.0",
                "Wget/1.20.3",
                "Mozilla/5.0",
                "Nikto/2.1.6",
                "python-requests/2.25.1"
            ],
            "category_possible_counts": [
                1203,
                1191,
                1190,
                1180,
                1169,
                1153
            ]
        },
        "country_code": {
            "stats": {}
        },
        "Payload_Size": {
            "stats": {
                "min": 0.0,
                "average": 1595.6121930567315,
                "median": 1580.0,
                "max": 4997.0,
                "p99": 4132.799999999996,
                "std": 911.4632028342637
            },
            "missing_impute_with_value": 1595.6121930567315
        },
        "Protocol": {
            "stats": {
                "mostFrequentValue": "ICMP",
                "leastFrequentValue": "TCP"
            },
            "category_possible_values": [
                "ICMP",
                "UDP",
                "TCP"
            ],
            "category_possible_counts": [
                2395,
                2357,
                2334
            ]
        },
        "Source_IP": {
            "stats": {}
        }
    },
    "feature_order": [
        "Status",
        "Request_Type",
        "Intrusion",
        "Source_IP_int",
        "Scan_Type",
        "Destination_IP_int",
        "Port",
        "Destination_IP",
        "country_code_1",
        "User_Agent",
        "country_code",
        "Payload_Size",
        "Protocol",
        "Source_IP"
    ]
}