{
    "modelInputNRows": 7086,
    "modelInputNCols": 148,
    "modelInputIsSparse": true,
    "modelInputMemory": 878668,
    "usedGridSearch": true,
    "gridSize": 2,
    "gridBestScore": 1.0,
    "gridCells": [
        {
            "params": {
                "max_depth": 6,
                "max_features": "sqrt",
                "min_samples_leaf": 1,
                "n_estimators": 100,
                "min_samples_split": 3
            },
            "score": 1.0,
            "scoreStd": 0.0,
            "fitTime": 2.1892,
            "fitTimeStd": 0.058635825226562646,
            "scoreTime": 0.8463999999999999,
            "scoreTimeStd": 0.08080742540138251
        },
        {
            "params": {
                "max_depth": 13,
                "max_features": "sqrt",
                "min_samples_leaf": 1,
                "n_estimators": 100,
                "min_samples_split": 3
            },
            "score": 1.0,
            "scoreStd": 0.0,
            "fitTime": 1.6514000000000002,
            "fitTimeStd": 0.47981896586108386,
            "scoreTime": 0.751,
            "scoreTimeStd": 0.3660038251166236
        }
    ],
    "rawImportance": {
        "variables": [
            "Source_IP_int",
            "Destination_IP_int",
            "Port",
            "Payload_Size",
            "dummy:Status:Success",
            "dummy:Status:Failure",
            "dummy:Request_Type:SMTP",
            "dummy:Request_Type:HTTP",
            "dummy:Request_Type:Telnet",
            "dummy:Request_Type:FTP",
            "dummy:Request_Type:DNS",
            "dummy:Request_Type:SSH",
            "dummy:Request_Type:HTTPS",
            "dummy:country_code_1:US",
            "dummy:country_code_1:CN",
            "dummy:country_code_1:JP",
            "dummy:country_code_1:DE",
            "dummy:country_code_1:KR",
            "dummy:country_code_1:GB",
            "dummy:country_code_1:BR",
            "dummy:country_code_1:CA",
            "dummy:country_code_1:FR",
            "dummy:country_code_1:AU",
            "dummy:country_code_1:IT",
            "dummy:country_code_1:NL",
            "dummy:country_code_1:IN",
            "dummy:country_code_1:RU",
            "dummy:country_code_1:TW",
            "dummy:country_code_1:ZA",
            "dummy:country_code_1:MX",
            "dummy:country_code_1:SE",
            "dummy:country_code_1:EG",
            "dummy:country_code_1:ES",
            "dummy:country_code_1:HK",
            "dummy:country_code_1:CH",
            "dummy:country_code_1:SG",
            "dummy:country_code_1:PL",
            "dummy:country_code_1:AR",
            "dummy:country_code_1:TR",
            "dummy:country_code_1:ID",
            "dummy:country_code_1:VN",
            "dummy:country_code_1:FI",
            "dummy:country_code_1:BE",
            "dummy:country_code_1:NO",
            "dummy:country_code_1:CL",
            "dummy:country_code_1:DK",
            "dummy:country_code_1:TH",
            "dummy:country_code_1:IE",
            "dummy:country_code_1:AT",
            "dummy:country_code_1:TN",
            "dummy:country_code_1:MA",
            "dummy:country_code_1:SA",
            "dummy:country_code_1:CZ",
            "dummy:country_code_1:UA",
            "dummy:country_code_1:KE",
            "dummy:country_code_1:DZ",
            "dummy:country_code_1:MY",
            "dummy:country_code_1:MU",
            "dummy:country_code_1:AE",
            "dummy:country_code_1:IR",
            "dummy:country_code_1:PT",
            "dummy:country_code_1:VE",
            "dummy:country_code_1:BG",
            "dummy:country_code_1:PH",
            "dummy:country_code_1:HU",
            "dummy:country_code_1:SI",
            "dummy:country_code_1:PE",
            "dummy:country_code_1:NG",
            "dummy:country_code_1:BD",
            "dummy:country_code_1:RS",
            "dummy:country_code_1:GA",
            "dummy:country_code_1:UZ",
            "dummy:country_code_1:BA",
            "dummy:country_code_1:CU",
            "dummy:country_code_1:QA",
            "dummy:country_code_1:__Others__",
            "dummy:User_Agent:nmap/7.80",
            "dummy:User_Agent:curl/7.68.0",
            "dummy:User_Agent:Wget/1.20.3",
            "dummy:User_Agent:Mozilla/5.0",
            "dummy:User_Agent:Nikto/2.1.6",
            "dummy:User_Agent:python-requests/2.25.1",
            "dummy:country_code:US",
            "dummy:country_code:CO",
            "dummy:country_code:FR",
            "dummy:country_code:NG",
            "dummy:country_code:EG",
            "dummy:country_code:RU",
            "dummy:country_code:PL",
            "dummy:country_code:CA",
            "dummy:country_code:JP",
            "dummy:country_code:DE",
            "dummy:country_code:KR",
            "dummy:country_code:DK",
            "dummy:country_code:HK",
            "dummy:country_code:N/A",
            "dummy:Protocol:ICMP",
            "dummy:Protocol:UDP",
            "dummy:Protocol:TCP"
        ],
        "importances": [
            0.08181926849308087,
            0.0009791086594458662,
            0.1227121518394401,
            0.052912693779886666,
            0.17653478404397185,
            0.13940436530682815,
            0.0005342869599696141,
            4.166878362312938e-05,
            6.630120557196913e-05,
            0.00019712303837019255,
            7.257116936134422e-05,
            8.637341099767102e-05,
            2.3244767391732848e-05,
            9.112542152079221e-05,
            1.1540149008893047e-05,
            0.0002097674601738765,
            1.0701040240010046e-05,
            0.00016061284803976935,
            8.413413552246907e-05,
            3.2086906573427186e-05,
            4.6792898887424715e-05,
            8.899845584066611e-05,
            1.109270707780476e-06,
            1.9529182239590906e-05,
            2.895988577220885e-05,
            1.88161734231774e-17,
            0.00012325782782632563,
            5.7107483510743806e-05,
            8.072878765022731e-05,
            5.517961022099766e-05,
            3.3681158625179145e-05,
            0.00028492143241952384,
            5.268150693870631e-05,
            3.788126069530935e-05,
            0.00042698516575586336,
            2.2724338935927885e-05,
            4.069447848715323e-05,
            2.730642161383472e-05,
            2.4773639762796205e-05,
            3.262543561157506e-06,
            8.058017007424693e-05,
            6.46848089221657e-05,
            6.86678535302346e-05,
            8.954657550760735e-05,
            5.840383099430888e-05,
            1.8709804384927986e-06,
            7.492258742758904e-06,
            4.534038747753921e-05,
            4.0988778185720664e-05,
            1.457756113417171e-05,
            9.272491315300543e-05,
            0.00016720947589706495,
            1.6411726287224612e-05,
            3.0867330917857917e-18,
            3.502058735978173e-05,
            7.992444920111718e-05,
            9.64438395452514e-05,
            6.7669803741060756e-06,
            1.3337025329216497e-05,
            8.88057869699875e-07,
            1.368853509864285e-05,
            3.76460870478231e-17,
            0.00010054943782827472,
            2.2913433864515602e-05,
            7.071448331025586e-07,
            3.902526580640939e-05,
            3.5365012626722257e-05,
            1.671901585467584e-05,
            6.826515579930966e-17,
            1.588229044722996e-05,
            1.273847413899777e-05,
            7.670898833081607e-05,
            0.0001678216241900218,
            0.0001047565412631491,
            9.910123052250496e-06,
            6.022218000690167e-17,
            3.846654970533047e-05,
            0.00017888238212356025,
            3.827392254710681e-05,
            4.618361539572567e-05,
            2.7315791810344073e-05,
            0.0001764963784134857,
            0.04437493091885322,
            0.006408803123918915,
            0.0036605295251145946,
            0.0029512868612999186,
            0.0071433062587531095,
            0.007647546946800196,
            0.006299947810815234,
            0.004924835454929102,
            0.0033631489148087915,
            0.002636771160608254,
            0.002274508495488704,
            0.00171281438690838,
            0.0025469305683129264,
            0.3242384723522757,
            4.736938192327821e-05,
            2.7495710793711057e-05,
            0.00019753257257205085
        ]
    },
    "probaAware": true
}