{
    "predictedClassCountPerCut": [
        {
            "1": 1760
        },
        {
            "1": 1760
        },
        {
            "0": 1371,
            "1": 389
        },
        {
            "0": 1515,
            "1": 245
        },
        {
            "0": 1516,
            "1": 244
        },
        {
            "0": 1516,
            "1": 244
        },
        {
            "0": 1516,
            "1": 244
        },
        {
            "0": 1516,
            "1": 244
        },
        {
            "0": 1517,
            "1": 243
        },
        {
            "0": 1518,
            "1": 242
        },
        {
            "0": 1528,
            "1": 232
        },
        {
            "0": 1542,
            "1": 218
        },
        {
            "0": 1542,
            "1": 218
        },
        {
            "0": 1543,
            "1": 217
        },
        {
            "0": 1547,
            "1": 213
        },
        {
            "0": 1585,
            "1": 175
        },
        {
            "0": 1598,
            "1": 162
        },
        {
            "0": 1599,
            "1": 161
        },
        {
            "0": 1599,
            "1": 161
        },
        {
            "0": 1599,
            "1": 161
        },
        {
            "0": 1599,
            "1": 161
        },
        {
            "0": 1599,
            "1": 161
        },
        {
            "0": 1599,
            "1": 161
        },
        {
            "0": 1599,
            "1": 161
        },
        {
            "0": 1599,
            "1": 161
        },
        {
            "0": 1599,
            "1": 161
        },
        {
            "0": 1599,
            "1": 161
        },
        {
            "0": 1599,
            "1": 161
        },
        {
            "0": 1599,
            "1": 161
        },
        {
            "0": 1600,
            "1": 160
        },
        {
            "0": 1604,
            "1": 156
        },
        {
            "0": 1605,
            "1": 155
        },
        {
            "0": 1605,
            "1": 155
        },
        {
            "0": 1608,
            "1": 152
        },
        {
            "0": 1612,
            "1": 148
        },
        {
            "0": 1616,
            "1": 144
        },
        {
            "0": 1621,
            "1": 139
        },
        {
            "0": 1630,
            "1": 130
        },
        {
            "0": 1660,
            "1": 100
        },
        {
            "0": 1737,
            "1": 23
        }
    ],
    "cuts": [
        0.0,
        0.025,
        0.05,
        0.075,
        0.1,
        0.125,
        0.15,
        0.175,
        0.2,
        0.225,
        0.25,
        0.275,
        0.3,
        0.325,
        0.35,
        0.375,
        0.4,
        0.425,
        0.45,
        0.475,
        0.5,
        0.525,
        0.55,
        0.575,
        0.6,
        0.625,
        0.65,
        0.675,
        0.7,
        0.725,
        0.75,
        0.775,
        0.8,
        0.825,
        0.85,
        0.875,
        0.9,
        0.925,
        0.95,
        0.975
    ],
    "predictedClassCount": {
        "0": 1599,
        "1": 161
    },
    "probabilityDensities": {
        "0": {
            "density": [
                0.3982126606070114,
                0.43656545865618723,
                0.46747046781284024,
                0.48906334813178676,
                0.5000844402405293,
                0.5000132809002709,
                0.48911537020273527,
                0.4683949553222678,
                0.4394633448248252,
                0.40434575205904505,
                0.3652581412102214,
                0.32438757212382385,
                0.28370524913578604,
                0.24483242766837574,
                0.2089679570837496,
                0.1768751590853774,
                0.14891710677371564,
                0.1251244252302243,
                0.10527869038583115,
                0.08899668633018094,
                0.07580497620748539,
                0.06519908891990178,
                0.056685964952987784,
                0.04981139960130739,
                0.04417581355042824,
                0.039441929385407984,
                0.03533726693809717,
                0.03165331149898347,
                0.028242215014442112,
                0.025011255529035582,
                0.02191509943555321,
                0.0189461066745234,
                0.016123307026587867,
                0.013481047957058288,
                0.011058509546876401,
                0.008891226721646378,
                0.007005474723224309,
                0.005415952065594322,
                0.004126755432121015,
                0.0031352864226678193,
                0.0024385160241175933,
                0.0020409538645761558,
                0.001963667629566838,
                0.0022536861876216,
                0.0029930137879063262,
                0.004306234301671212,
                0.006365309646049336,
                0.009389769437288486,
                0.013640218401186462,
                0.01940317011248146,
                0.026965860348008578,
                0.036581031259132576,
                0.048423680092100484,
                0.06254418479404875,
                0.07882457301556153,
                0.09694633978828912,
                0.11637846354831034,
                0.13639261548299927,
                0.15610888339239204,
                0.1745700498677806,
                0.1908365323218031,
                0.2040888531758557,
                0.21372137883847925,
                0.21941113931907583,
                0.22114922824565744,
                0.21922911951948776,
                0.2141949269181165,
                0.20676135497063672,
                0.19772396851017882,
                0.1878820136486767,
                0.17799572255315627,
                0.16879608239740132,
                0.1610583694999157,
                0.15574249366474505,
                0.15419424023828904,
                0.15839209255485756,
                0.17121409923129305,
                0.19668766882938946,
                0.240172294855119,
                0.3084126332979701,
                0.4093908257722081,
                0.5519082831767469,
                0.7448449846675462,
                0.9960839662006488,
                1.3111509950812341,
                1.6916983599453566,
                2.1340429368362424,
                2.628031065112975,
                3.1565227241328095,
                3.695745997568219,
                4.21666289846194,
                4.687320076017599,
                5.075962281428144,
                5.35450606114493,
                5.5018525433098695,
                5.506497845749715,
                5.367991949891984,
                5.096987887183806,
                4.713872506384319,
                4.24622163009381
            ],
            "median": 0.9544593012698789
        },
        "1": {
            "density": [
                4.2462216300938325,
                4.713872506384336,
                5.096987887183797,
                5.367991949892022,
                5.506497845749715,
                5.501852543309879,
                5.354506061144901,
                5.075962281428199,
                4.687320076017574,
                4.21666289846194,
                3.6957459975681997,
                3.1565227241328095,
                2.6280310651129843,
                2.134042936836254,
                1.6916983599453672,
                1.3111509950812352,
                0.9960839662006364,
                0.7448449846675402,
                0.5519082831767469,
                0.4093908257722085,
                0.3084126332979698,
                0.24017229485511923,
                0.19668766882938946,
                0.17121409923129274,
                0.15839209255485673,
                0.15419424023829015,
                0.1557424936647445,
                0.161058369499917,
                0.16879608239739832,
                0.1779957225531564,
                0.1878820136486752,
                0.19772396851018056,
                0.20676135497063633,
                0.21419492691811726,
                0.2192291195194868,
                0.22114922824565605,
                0.21941113931907796,
                0.21372137883847867,
                0.20408885317585498,
                0.19083653232180275,
                0.17457004986778044,
                0.15610888339239232,
                0.13639261548299977,
                0.1163784635483093,
                0.09694633978828886,
                0.07882457301556112,
                0.06254418479404864,
                0.04842368009210023,
                0.036581031259132285,
                0.026965860348008495,
                0.019403170112481313,
                0.013640218401186364,
                0.00938976943728831,
                0.00636530964604928,
                0.004306234301671147,
                0.0029930137879061428,
                0.002253686187621464,
                0.001963667629566908,
                0.0020409538645762173,
                0.00243851602411766,
                0.003135286422667803,
                0.004126755432121012,
                0.005415952065594371,
                0.007005474723224284,
                0.00889122672164634,
                0.011058509546876382,
                0.013481047957058371,
                0.016123307026587895,
                0.018946106674523434,
                0.021915099435553344,
                0.025011255529035593,
                0.02824221501444205,
                0.031653311498983525,
                0.035337266938097106,
                0.03944192938540805,
                0.044175813550428475,
                0.04981139960130739,
                0.056685964952987986,
                0.06519908891990166,
                0.07580497620748512,
                0.08899668633018094,
                0.10527869038583096,
                0.12512442523022452,
                0.14891710677371564,
                0.17687515908537788,
                0.20896795708374924,
                0.24483242766837618,
                0.28370524913578676,
                0.3243875721238236,
                0.3652581412102233,
                0.40434575205904505,
                0.439463344824824,
                0.46839495532226577,
                0.489115370202734,
                0.5000132809002722,
                0.500084440240528,
                0.48906334813178676,
                0.46747046781283896,
                0.43656545865618646,
                0.3982126606070117
            ],
            "median": 0.04554069873012229
        }
    }
}