{
  "params": {
    "ttPolicy": "SPLIT_SINGLE_DATASET",
    "ssdSplitMode": "RANDOM",
    "splitBeforePrepare": true,
    "ssdSelection": {
      "useMemTable": false,
      "filter": {
        "distinct": false,
        "enabled": false
      },
      "partitionSelectionMethod": "ALL",
      "latestPartitionsN": 1,
      "ordering": {
        "enabled": false,
        "rules": []
      },
      "samplingMethod": "HEAD_SEQUENTIAL",
      "maxRecords": 100000,
      "targetRatio": 0.02,
      "ascending": true,
      "withinFirstN": -1,
      "maxReadUncompressedBytes": -1,
      "seed": 1337
    },
    "ssdTrainingRatio": 0.8,
    "ssdStratified": false,
    "ssdGrouped": false,
    "ssdSeed": 1337,
    "testOnLargerValues": true,
    "streamAll": false,
    "kfold": false,
    "nFolds": 5,
    "instanceIdRefresher": 0,
    "subSamplingSeed": 1337
  },
  "generationDate": 1769105178682,
  "policyId": "type\u003dSPLIT_SINGLE_DATASET,split\u003dRANDOM,splitBeforePrepare\u003dtrue,ds\u003dnetwork_logs-ip-in-out_format,sel\u003d(method\u003dhead-s,records\u003d100000),r\u003d0.8,s\u003d1337",
  "instanceId": "c556e6e09e70eb0fb750bc73afa97311-0",
  "format": "csv1",
  "schema": {
    "columns": [
      {"name":"Source_IP","type":"string"},
      {"name":"Source_IP_int","type":"double"},
      {"name":"Destination_IP","type":"string"},
      {"name":"Destination_IP_int","type":"double"},
      {"name":"Port","type":"bigint"},
      {"name":"Request_Type","type":"string"},
      {"name":"Protocol","type":"string"},
      {"name":"Payload_Size","type":"bigint"},
      {"name":"User_Agent","type":"string"},
      {"name":"Status","type":"string"},
      {"name":"Intrusion","type":"bigint"},
      {"name":"Scan_Type","type":"string"},
      {"name":"country_code","type":"string"},
      {"name":"country_code_1","type":"string"}
    ],
    "userModified": false
  },
  "trainPath": "train.csv.gz",
  "testPath": "test.csv.gz",
  "trainRows": 7086,
  "testRows": 1760,
  "fullRows": 0
}